File,Address,Hop,IP,Average Time
2024-04-25_02.txt,www.fmprc.gov.cn,1,139.222.0.1,1.46
2024-04-25_02.txt,www.fmprc.gov.cn,2,10.0.0.1,7.82
2024-04-25_02.txt,www.fmprc.gov.cn,3,193.62.92.126,0.76
2024-04-25_02.txt,www.fmprc.gov.cn,4,10.11.2.2,1.4
2024-04-25_02.txt,www.fmprc.gov.cn,5,146.97.130.237,5.79
2024-04-25_02.txt,www.fmprc.gov.cn,6,146.97.35.217,5.61
2024-04-25_02.txt,www.fmprc.gov.cn,7,146.97.33.61,6.3
2024-04-25_02.txt,www.fmprc.gov.cn,8,146.97.35.194,5.76
2024-04-25_02.txt,www.fmprc.gov.cn,10,62.115.138.168,7.16
2024-04-25_02.txt,www.fmprc.gov.cn,11,62.115.120.239,6.29
2024-04-25_02.txt,www.fmprc.gov.cn,12,62.115.161.119,6.8
2024-04-25_02.txt,www.gov.za,1,139.222.0.1,1.14
2024-04-25_02.txt,www.gov.za,2,10.0.0.1,8.42
2024-04-25_02.txt,www.gov.za,3,193.62.92.126,0.69
2024-04-25_02.txt,www.gov.za,4,10.11.2.2,1.07
2024-04-25_02.txt,www.gov.za,5,146.97.130.237,5.66
2024-04-25_02.txt,www.gov.za,6,146.97.35.217,6.21
2024-04-25_02.txt,www.gov.za,7,146.97.33.61,18.35
2024-04-25_02.txt,www.gov.za,8,146.97.35.194,5.86
2024-04-25_02.txt,www.gov.za,9,62.115.175.106,5.71
2024-04-25_02.txt,www.gov.za,10,62.115.138.168,7.26
2024-04-25_02.txt,www.gov.za,11,62.115.120.75,6.17
2024-04-25_02.txt,www.gov.za,15,168.209.1.200,167.53
2024-04-25_02.txt,www.gov.za,16,168.209.129.144,173.04
2024-04-25_02.txt,www.gov.za,17,168.209.90.7,169.69
2024-04-25_02.txt,www.gov.za,18,168.209.131.135,173.49
2024-04-25_02.txt,www.gov.za,19,197.97.72.54,169.09
2024-04-25_02.txt,www.gov.scot,1,139.222.0.1,1.35
2024-04-25_02.txt,www.gov.scot,2,10.0.0.1,6.73
2024-04-25_02.txt,www.gov.scot,3,193.62.92.126,0.71
2024-04-25_02.txt,www.gov.scot,4,10.11.2.2,0.91
2024-04-25_02.txt,www.gov.scot,5,146.97.130.237,22.42
2024-04-25_02.txt,www.gov.scot,6,146.97.35.217,5.75
2024-04-25_02.txt,www.gov.scot,7,146.97.35.182,6.56
2024-04-25_02.txt,www.gov.scot,8,99.82.180.146,19.76
2024-04-25_02.txt,www.gov.scot,12,52.94.35.137,7.79
2024-04-25_02.txt,www.gov.scot,18,143.204.194.66,7.25
2024-04-25_02.txt,www5.usp.br,1,139.222.0.1,72.7
2024-04-25_02.txt,www5.usp.br,2,10.0.0.1,7.64
2024-04-25_02.txt,www5.usp.br,3,193.62.92.126,1.21
2024-04-25_02.txt,www5.usp.br,4,10.11.2.2,3.75
2024-04-25_02.txt,www5.usp.br,5,146.97.130.237,24.13
2024-04-25_02.txt,www5.usp.br,6,146.97.35.217,5.79
2024-04-25_02.txt,www5.usp.br,7,146.97.33.5,6.37
2024-04-25_02.txt,www5.usp.br,8,146.97.33.1,6.8
2024-04-25_02.txt,www5.usp.br,9,62.40.124.197,6.85
2024-04-25_02.txt,www5.usp.br,10,62.40.124.45,92.15
2024-04-25_02.txt,www5.usp.br,11,163.253.1.120,111.76
2024-04-25_02.txt,www5.usp.br,12,163.253.1.135,112.08
2024-04-25_02.txt,www5.usp.br,13,163.253.1.102,111.37
2024-04-25_02.txt,www5.usp.br,14,163.253.2.33,110.99
2024-04-25_02.txt,www5.usp.br,15,198.71.45.189,121.6
2024-04-25_02.txt,www5.usp.br,16,170.39.8.47,226.33
2024-04-25_02.txt,www5.usp.br,17,200.219.201.89,205.46
2024-04-25_02.txt,www5.usp.br,18,200.155.72.40,206.08
2024-04-25_02.txt,www5.usp.br,19,177.126.190.36,205.71
2024-04-25_02.txt,www5.usp.br,23,187.16.220.3,226.86
2024-04-25_02.txt,www5.usp.br,24,143.107.249.38,228.07
2024-04-25_09.txt,www.fmprc.gov.cn,1,139.222.0.1,1.99
2024-04-25_09.txt,www.fmprc.gov.cn,2,10.0.0.1,7.29
2024-04-25_09.txt,www.fmprc.gov.cn,3,193.62.92.126,1.14
2024-04-25_09.txt,www.fmprc.gov.cn,4,10.11.2.2,1.15
2024-04-25_09.txt,www.fmprc.gov.cn,5,146.97.130.237,5.54
2024-04-25_09.txt,www.fmprc.gov.cn,6,146.97.35.217,5.68
2024-04-25_09.txt,www.fmprc.gov.cn,7,146.97.33.61,6.73
2024-04-25_09.txt,www.fmprc.gov.cn,8,146.97.35.194,5.68
2024-04-25_09.txt,www.fmprc.gov.cn,11,62.115.120.239,6.26
2024-04-25_09.txt,www.fmprc.gov.cn,12,62.115.161.119,6.36
2024-04-25_09.txt,www.gov.za,1,139.222.0.1,1.07
2024-04-25_09.txt,www.gov.za,2,10.0.0.1,7.57
2024-04-25_09.txt,www.gov.za,3,193.62.92.126,0.66
2024-04-25_09.txt,www.gov.za,4,10.11.2.2,0.86
2024-04-25_09.txt,www.gov.za,5,146.97.130.237,5.46
2024-04-25_09.txt,www.gov.za,6,146.97.35.217,6.05
2024-04-25_09.txt,www.gov.za,7,146.97.33.61,8.78
2024-04-25_09.txt,www.gov.za,8,146.97.35.194,5.63
2024-04-25_09.txt,www.gov.za,9,62.115.175.106,5.43
2024-04-25_09.txt,www.gov.za,10,62.115.138.168,7.34
2024-04-25_09.txt,www.gov.za,11,62.115.122.181,6.24
2024-04-25_09.txt,www.gov.za,15,168.209.1.201,172.92
2024-04-25_09.txt,www.gov.za,16,168.209.129.146,172.96
2024-04-25_09.txt,www.gov.za,17,168.209.90.7,173.13
2024-04-25_09.txt,www.gov.za,18,168.209.131.135,173.13
2024-04-25_09.txt,www.gov.za,19,197.97.72.54,172.65
2024-04-25_09.txt,www.gov.scot,1,139.222.0.1,1.15
2024-04-25_09.txt,www.gov.scot,2,10.0.0.1,6.92
2024-04-25_09.txt,www.gov.scot,3,193.62.92.126,0.98
2024-04-25_09.txt,www.gov.scot,4,10.11.2.2,1.21
2024-04-25_09.txt,www.gov.scot,5,146.97.130.237,5.45
2024-04-25_09.txt,www.gov.scot,6,146.97.35.217,5.95
2024-04-25_09.txt,www.gov.scot,7,146.97.35.182,6.58
2024-04-25_09.txt,www.gov.scot,8,99.82.180.146,23.56
2024-04-25_09.txt,www.gov.scot,12,52.94.35.135,8.75
2024-04-25_09.txt,www.gov.scot,18,143.204.194.39,7.34
2024-04-25_09.txt,www5.usp.br,1,139.222.0.1,1.49
2024-04-25_09.txt,www5.usp.br,2,10.0.0.1,8.56
2024-04-25_09.txt,www5.usp.br,3,193.62.92.126,0.8
2024-04-25_09.txt,www5.usp.br,4,10.11.2.2,1.03
2024-04-25_09.txt,www5.usp.br,5,146.97.130.237,5.5
2024-04-25_09.txt,www5.usp.br,6,146.97.35.217,7.31
2024-04-25_09.txt,www5.usp.br,7,146.97.33.5,8.06
2024-04-25_09.txt,www5.usp.br,8,146.97.33.1,7.9
2024-04-25_09.txt,www5.usp.br,9,62.40.124.197,7.19
2024-04-25_09.txt,www5.usp.br,10,62.40.124.45,92.65
2024-04-25_09.txt,www5.usp.br,11,163.253.1.120,111.96
2024-04-25_09.txt,www5.usp.br,12,163.253.1.135,111.24
2024-04-25_09.txt,www5.usp.br,13,163.253.1.104,111.89
2024-04-25_09.txt,www5.usp.br,14,163.253.2.33,111.38
2024-04-25_09.txt,www5.usp.br,15,198.71.45.189,121.61
2024-04-25_09.txt,www5.usp.br,16,170.39.8.47,226.23
2024-04-25_09.txt,www5.usp.br,17,200.219.201.89,205.63
2024-04-25_09.txt,www5.usp.br,18,200.155.72.40,205.94
2024-04-25_09.txt,www5.usp.br,19,177.126.190.36,205.6
2024-04-25_09.txt,www5.usp.br,23,187.16.220.3,232.35
2024-04-25_09.txt,www5.usp.br,24,143.107.249.38,228.44
2024-04-25_17.txt,www.fmprc.gov.cn,1,139.222.0.1,1.42
2024-04-25_17.txt,www.fmprc.gov.cn,2,10.0.0.1,5.31
2024-04-25_17.txt,www.fmprc.gov.cn,3,193.62.92.126,0.85
2024-04-25_17.txt,www.fmprc.gov.cn,4,10.11.2.2,0.99
2024-04-25_17.txt,www.fmprc.gov.cn,5,146.97.130.237,5.51
2024-04-25_17.txt,www.fmprc.gov.cn,6,146.97.35.217,6.11
2024-04-25_17.txt,www.fmprc.gov.cn,7,146.97.33.61,5.82
2024-04-25_17.txt,www.fmprc.gov.cn,8,146.97.35.194,5.54
2024-04-25_17.txt,www.fmprc.gov.cn,9,62.115.175.106,5.56
2024-04-25_17.txt,www.fmprc.gov.cn,10,62.115.138.168,7.35
2024-04-25_17.txt,www.fmprc.gov.cn,11,62.115.120.239,6.07
2024-04-25_17.txt,www.fmprc.gov.cn,12,62.115.161.119,6.36
2024-04-25_17.txt,www.gov.za,1,139.222.0.1,1.2
2024-04-25_17.txt,www.gov.za,2,10.0.0.1,5.16
2024-04-25_17.txt,www.gov.za,3,193.62.92.126,0.87
2024-04-25_17.txt,www.gov.za,4,10.11.2.2,0.9
2024-04-25_17.txt,www.gov.za,5,146.97.130.237,5.66
2024-04-25_17.txt,www.gov.za,6,146.97.35.217,5.66
2024-04-25_17.txt,www.gov.za,7,146.97.33.61,6.58
2024-04-25_17.txt,www.gov.za,8,146.97.35.194,5.47
2024-04-25_17.txt,www.gov.za,9,62.115.175.106,5.59
2024-04-25_17.txt,www.gov.za,10,62.115.138.168,7.04
2024-04-25_17.txt,www.gov.za,11,62.115.120.75,6.3
2024-04-25_17.txt,www.gov.za,15,168.209.1.200,172.98
2024-04-25_17.txt,www.gov.za,16,168.209.129.136,172.81
2024-04-25_17.txt,www.gov.za,17,168.209.90.3,167.75
2024-04-25_17.txt,www.gov.za,18,168.209.131.143,171.36
2024-04-25_17.txt,www.gov.za,19,197.97.72.54,167.21
2024-04-25_17.txt,www.gov.scot,1,139.222.0.1,1.44
2024-04-25_17.txt,www.gov.scot,2,10.0.0.1,8.6
2024-04-25_17.txt,www.gov.scot,3,193.62.92.126,0.93
2024-04-25_17.txt,www.gov.scot,4,10.11.2.2,1.16
2024-04-25_17.txt,www.gov.scot,5,146.97.130.237,5.61
2024-04-25_17.txt,www.gov.scot,6,146.97.35.217,5.75
2024-04-25_17.txt,www.gov.scot,7,146.97.35.182,6.53
2024-04-25_17.txt,www.gov.scot,8,99.82.180.146,7.38
2024-04-25_17.txt,www.gov.scot,10,178.236.3.5,7.61
2024-04-25_17.txt,www.gov.scot,12,52.94.35.141,8.76
2024-04-25_17.txt,www.gov.scot,18,143.204.194.99,7.41
2024-04-25_17.txt,www5.usp.br,1,139.222.0.1,1.07
2024-04-25_17.txt,www5.usp.br,2,10.0.0.1,9.15
2024-04-25_17.txt,www5.usp.br,3,193.62.92.126,0.66
2024-04-25_17.txt,www5.usp.br,4,10.11.2.2,0.87
2024-04-25_17.txt,www5.usp.br,5,146.97.130.237,5.51
2024-04-25_17.txt,www5.usp.br,6,146.97.35.217,5.63
2024-04-25_17.txt,www5.usp.br,7,146.97.33.5,5.93
2024-04-25_17.txt,www5.usp.br,8,146.97.33.1,6.41
2024-04-25_17.txt,www5.usp.br,9,62.40.124.197,6.55
2024-04-25_17.txt,www5.usp.br,10,62.40.124.45,91.44
2024-04-25_17.txt,www5.usp.br,11,163.253.1.120,111.31
2024-04-25_17.txt,www5.usp.br,12,163.253.1.135,112.08
2024-04-25_17.txt,www5.usp.br,13,163.253.1.102,110.99
2024-04-25_17.txt,www5.usp.br,14,163.253.2.33,112.62
2024-04-25_17.txt,www5.usp.br,15,198.71.45.189,123.89
2024-04-25_17.txt,www5.usp.br,16,170.39.8.47,226.19
2024-04-25_17.txt,www5.usp.br,17,200.219.201.89,205.76
2024-04-25_17.txt,www5.usp.br,18,200.155.72.40,207.25
2024-04-25_17.txt,www5.usp.br,19,177.126.190.36,206.39
2024-04-25_17.txt,www5.usp.br,23,187.16.220.3,232.0
2024-04-25_17.txt,www5.usp.br,24,143.107.249.38,232.54
2024-04-25_23.txt,www.fmprc.gov.cn,1,139.222.0.1,1.87
2024-04-25_23.txt,www.fmprc.gov.cn,2,10.0.0.1,8.2
2024-04-25_23.txt,www.fmprc.gov.cn,3,193.62.92.126,1.71
2024-04-25_23.txt,www.fmprc.gov.cn,4,10.11.2.2,1.75
2024-04-25_23.txt,www.fmprc.gov.cn,5,146.97.130.237,6.15
2024-04-25_23.txt,www.fmprc.gov.cn,6,146.97.35.217,5.77
2024-04-25_23.txt,www.fmprc.gov.cn,7,146.97.33.61,5.47
2024-04-25_23.txt,www.fmprc.gov.cn,8,146.97.35.194,5.61
2024-04-25_23.txt,www.fmprc.gov.cn,9,62.115.175.106,5.74
2024-04-25_23.txt,www.fmprc.gov.cn,10,62.115.138.168,6.85
2024-04-25_23.txt,www.fmprc.gov.cn,11,62.115.120.239,6.33
2024-04-25_23.txt,www.fmprc.gov.cn,12,62.115.161.119,6.55
2024-04-25_23.txt,www.gov.za,1,139.222.0.1,3.3
2024-04-25_23.txt,www.gov.za,2,10.0.0.1,18.45
2024-04-25_23.txt,www.gov.za,3,193.62.92.126,2.97
2024-04-25_23.txt,www.gov.za,4,10.11.2.2,2.81
2024-04-25_23.txt,www.gov.za,5,146.97.130.237,5.78
2024-04-25_23.txt,www.gov.za,6,146.97.35.217,9.06
2024-04-25_23.txt,www.gov.za,7,146.97.33.61,9.68
2024-04-25_23.txt,www.gov.za,8,146.97.35.194,9.6
2024-04-25_23.txt,www.gov.za,10,62.115.136.140,7.63
2024-04-25_23.txt,www.gov.za,11,62.115.120.75,6.18
2024-04-25_23.txt,www.gov.za,15,168.209.1.200,181.81
2024-04-25_23.txt,www.gov.za,16,168.209.129.146,172.84
2024-04-25_23.txt,www.gov.za,17,168.209.90.7,167.28
2024-04-25_23.txt,www.gov.za,18,168.209.131.143,172.85
2024-04-25_23.txt,www.gov.za,19,197.97.72.54,168.99
2024-04-25_23.txt,www.gov.scot,1,139.222.0.1,1.63
2024-04-25_23.txt,www.gov.scot,3,193.62.92.126,0.8
2024-04-25_23.txt,www.gov.scot,4,10.11.2.2,0.96
2024-04-25_23.txt,www.gov.scot,5,146.97.130.237,5.51
2024-04-25_23.txt,www.gov.scot,6,146.97.35.217,5.55
2024-04-25_23.txt,www.gov.scot,7,146.97.35.182,6.59
2024-04-25_23.txt,www.gov.scot,8,99.82.180.146,6.67
2024-04-25_23.txt,www.gov.scot,10,178.236.3.5,7.53
2024-04-25_23.txt,www.gov.scot,12,52.94.35.137,8.43
2024-04-25_23.txt,www.gov.scot,18,143.204.194.2,7.59
2024-04-25_23.txt,www5.usp.br,1,139.222.0.1,1.25
2024-04-25_23.txt,www5.usp.br,2,10.0.0.1,20.68
2024-04-25_23.txt,www5.usp.br,3,193.62.92.126,0.83
2024-04-25_23.txt,www5.usp.br,4,10.11.2.2,1.02
2024-04-25_23.txt,www5.usp.br,5,146.97.130.237,5.89
2024-04-25_23.txt,www5.usp.br,6,146.97.35.217,6.25
2024-04-25_23.txt,www5.usp.br,7,146.97.33.5,8.23
2024-04-25_23.txt,www5.usp.br,8,146.97.33.1,7.91
2024-04-25_23.txt,www5.usp.br,9,62.40.124.197,7.86
2024-04-25_23.txt,www5.usp.br,10,62.40.124.45,91.32
2024-04-25_23.txt,www5.usp.br,11,163.253.1.120,111.23
2024-04-25_23.txt,www5.usp.br,12,163.253.1.135,112.48
2024-04-25_23.txt,www5.usp.br,13,163.253.1.104,111.35
2024-04-25_23.txt,www5.usp.br,14,163.253.2.33,112.35
2024-04-25_23.txt,www5.usp.br,15,198.71.45.189,121.55
2024-04-25_23.txt,www5.usp.br,16,170.39.8.47,225.26
2024-04-25_23.txt,www5.usp.br,17,200.219.201.89,206.7
2024-04-25_23.txt,www5.usp.br,18,200.155.72.40,205.67
2024-04-25_23.txt,www5.usp.br,19,177.126.190.36,205.36
2024-04-25_23.txt,www5.usp.br,23,187.16.220.3,226.95
2024-04-25_23.txt,www5.usp.br,24,143.107.249.38,228.5
2024-04-26_02.txt,www.fmprc.gov.cn,1,139.222.0.1,1.04
2024-04-26_02.txt,www.fmprc.gov.cn,2,10.0.0.1,9.2
2024-04-26_02.txt,www.fmprc.gov.cn,3,193.62.92.126,0.88
2024-04-26_02.txt,www.fmprc.gov.cn,4,10.11.2.2,1.1
2024-04-26_02.txt,www.fmprc.gov.cn,5,146.97.130.237,6.13
2024-04-26_02.txt,www.fmprc.gov.cn,6,146.97.35.217,13.17
2024-04-26_02.txt,www.fmprc.gov.cn,7,146.97.33.61,11.58
2024-04-26_02.txt,www.fmprc.gov.cn,8,146.97.35.194,7.35
2024-04-26_02.txt,www.fmprc.gov.cn,9,62.115.175.106,5.47
2024-04-26_02.txt,www.fmprc.gov.cn,10,62.115.138.168,6.66
2024-04-26_02.txt,www.fmprc.gov.cn,11,62.115.122.189,5.75
2024-04-26_02.txt,www.fmprc.gov.cn,12,62.115.161.119,6.4
2024-04-26_02.txt,www.gov.za,1,139.222.0.1,1.09
2024-04-26_02.txt,www.gov.za,2,10.0.0.1,6.92
2024-04-26_02.txt,www.gov.za,3,193.62.92.126,0.91
2024-04-26_02.txt,www.gov.za,4,10.11.2.2,0.99
2024-04-26_02.txt,www.gov.za,5,146.97.130.237,5.66
2024-04-26_02.txt,www.gov.za,6,146.97.35.217,5.74
2024-04-26_02.txt,www.gov.za,7,146.97.33.61,5.62
2024-04-26_02.txt,www.gov.za,8,146.97.35.194,5.67
2024-04-26_02.txt,www.gov.za,9,62.115.175.106,5.65
2024-04-26_02.txt,www.gov.za,10,62.115.138.168,7.18
2024-04-26_02.txt,www.gov.za,11,62.115.120.75,6.17
2024-04-26_02.txt,www.gov.za,15,196.26.0.201,167.22
2024-04-26_02.txt,www.gov.za,16,168.209.129.144,167.51
2024-04-26_02.txt,www.gov.za,17,168.209.90.7,172.99
2024-04-26_02.txt,www.gov.za,18,168.209.131.135,173.29
2024-04-26_02.txt,www.gov.za,19,197.97.72.54,167.16
2024-04-26_02.txt,www.gov.scot,1,139.222.0.1,1.39
2024-04-26_02.txt,www.gov.scot,2,10.0.0.1,6.82
2024-04-26_02.txt,www.gov.scot,3,193.62.92.126,0.7
2024-04-26_02.txt,www.gov.scot,4,10.11.2.2,1.11
2024-04-26_02.txt,www.gov.scot,5,146.97.130.237,5.37
2024-04-26_02.txt,www.gov.scot,6,146.97.35.217,5.53
2024-04-26_02.txt,www.gov.scot,7,146.97.35.182,10.25
2024-04-26_02.txt,www.gov.scot,8,99.82.180.146,13.0
2024-04-26_02.txt,www.gov.scot,12,52.94.35.133,7.88
2024-04-26_02.txt,www.gov.scot,18,143.204.194.39,7.42
2024-04-26_02.txt,www5.usp.br,1,139.222.0.1,2.57
2024-04-26_02.txt,www5.usp.br,2,10.0.0.1,6.25
2024-04-26_02.txt,www5.usp.br,3,193.62.92.126,0.93
2024-04-26_02.txt,www5.usp.br,4,10.11.2.2,0.91
2024-04-26_02.txt,www5.usp.br,5,146.97.130.237,5.53
2024-04-26_02.txt,www5.usp.br,6,146.97.35.217,6.06
2024-04-26_02.txt,www5.usp.br,7,146.97.33.5,6.29
2024-04-26_02.txt,www5.usp.br,8,146.97.33.1,6.66
2024-04-26_02.txt,www5.usp.br,9,62.40.124.197,6.72
2024-04-26_02.txt,www5.usp.br,10,62.40.124.45,91.62
2024-04-26_02.txt,www5.usp.br,11,163.253.1.120,111.67
2024-04-26_02.txt,www5.usp.br,12,163.253.1.135,111.64
2024-04-26_02.txt,www5.usp.br,13,163.253.1.100,112.5
2024-04-26_02.txt,www5.usp.br,14,163.253.2.33,110.67
2024-04-26_02.txt,www5.usp.br,15,198.71.45.189,121.39
2024-04-26_02.txt,www5.usp.br,16,170.39.8.47,225.53
2024-04-26_02.txt,www5.usp.br,17,200.219.201.89,205.0
2024-04-26_02.txt,www5.usp.br,18,200.155.72.40,206.42
2024-04-26_02.txt,www5.usp.br,19,177.126.190.36,205.34
2024-04-26_02.txt,www5.usp.br,23,187.16.220.3,227.25
2024-04-26_02.txt,www5.usp.br,24,143.107.249.38,226.79
2024-04-26_09.txt,www.fmprc.gov.cn,1,139.222.0.1,1.57
2024-04-26_09.txt,www.fmprc.gov.cn,2,10.0.0.1,8.7
2024-04-26_09.txt,www.fmprc.gov.cn,3,193.62.92.126,0.75
2024-04-26_09.txt,www.fmprc.gov.cn,4,10.11.2.2,0.98
2024-04-26_09.txt,www.fmprc.gov.cn,5,146.97.130.237,5.37
2024-04-26_09.txt,www.fmprc.gov.cn,6,146.97.35.217,22.76
2024-04-26_09.txt,www.fmprc.gov.cn,7,146.97.33.61,5.9
2024-04-26_09.txt,www.fmprc.gov.cn,8,146.97.35.194,5.68
2024-04-26_09.txt,www.fmprc.gov.cn,9,62.115.175.106,5.47
2024-04-26_09.txt,www.fmprc.gov.cn,10,62.115.138.168,7.0
2024-04-26_09.txt,www.fmprc.gov.cn,11,62.115.122.189,6.25
2024-04-26_09.txt,www.fmprc.gov.cn,12,62.115.161.119,6.36
2024-04-26_09.txt,www.gov.za,1,139.222.0.1,1.55
2024-04-26_09.txt,www.gov.za,2,10.0.0.1,7.29
2024-04-26_09.txt,www.gov.za,3,193.62.92.126,0.99
2024-04-26_09.txt,www.gov.za,4,10.11.2.2,1.18
2024-04-26_09.txt,www.gov.za,5,146.97.130.237,5.62
2024-04-26_09.txt,www.gov.za,6,146.97.35.217,22.05
2024-04-26_09.txt,www.gov.za,7,146.97.33.61,5.67
2024-04-26_09.txt,www.gov.za,8,146.97.35.194,6.8
2024-04-26_09.txt,www.gov.za,9,62.115.175.106,9.0
2024-04-26_09.txt,www.gov.za,10,62.115.138.168,8.54
2024-04-26_09.txt,www.gov.za,11,62.115.122.181,6.18
2024-04-26_09.txt,www.gov.za,15,168.209.1.201,167.19
2024-04-26_09.txt,www.gov.za,16,168.209.129.138,167.41
2024-04-26_09.txt,www.gov.za,17,168.209.90.3,173.29
2024-04-26_09.txt,www.gov.za,18,168.209.131.143,173.09
2024-04-26_09.txt,www.gov.za,19,197.97.72.54,169.17
2024-04-26_09.txt,www.gov.scot,1,139.222.0.1,2.21
2024-04-26_09.txt,www.gov.scot,2,10.0.0.1,15.45
2024-04-26_09.txt,www.gov.scot,3,193.62.92.126,1.04
2024-04-26_09.txt,www.gov.scot,4,10.11.2.2,1.16
2024-04-26_09.txt,www.gov.scot,5,146.97.130.237,5.87
2024-04-26_09.txt,www.gov.scot,6,146.97.35.217,6.1
2024-04-26_09.txt,www.gov.scot,7,146.97.35.182,6.7
2024-04-26_09.txt,www.gov.scot,8,99.82.180.146,7.6
2024-04-26_09.txt,www.gov.scot,10,176.32.106.39,8.18
2024-04-26_09.txt,www.gov.scot,12,52.94.35.129,7.42
2024-04-26_09.txt,www.gov.scot,18,143.204.194.39,7.3
2024-04-26_09.txt,www5.usp.br,1,139.222.0.1,1.16
2024-04-26_09.txt,www5.usp.br,2,10.0.0.1,7.05
2024-04-26_09.txt,www5.usp.br,3,193.62.92.126,0.94
2024-04-26_09.txt,www5.usp.br,4,10.11.2.2,1.2
2024-04-26_09.txt,www5.usp.br,5,146.97.130.237,5.64
2024-04-26_09.txt,www5.usp.br,6,146.97.35.217,6.59
2024-04-26_09.txt,www5.usp.br,7,146.97.33.5,6.35
2024-04-26_09.txt,www5.usp.br,8,146.97.33.1,6.67
2024-04-26_09.txt,www5.usp.br,9,62.40.124.197,6.82
2024-04-26_09.txt,www5.usp.br,10,62.40.124.45,92.14
2024-04-26_09.txt,www5.usp.br,11,163.253.1.120,111.18
2024-04-26_09.txt,www5.usp.br,12,163.253.1.135,111.16
2024-04-26_09.txt,www5.usp.br,13,163.253.1.104,111.91
2024-04-26_09.txt,www5.usp.br,14,163.253.2.33,111.24
2024-04-26_09.txt,www5.usp.br,15,198.71.45.189,121.68
2024-04-26_09.txt,www5.usp.br,16,170.39.8.47,225.57
2024-04-26_09.txt,www5.usp.br,17,200.219.201.89,205.32
2024-04-26_09.txt,www5.usp.br,18,200.155.72.40,205.57
2024-04-26_09.txt,www5.usp.br,19,177.126.190.36,205.19
2024-04-26_09.txt,www5.usp.br,23,187.16.220.3,226.29
2024-04-26_09.txt,www5.usp.br,24,143.107.249.38,227.48
2024-04-26_17.txt,www.fmprc.gov.cn,1,139.222.0.1,1.12
2024-04-26_17.txt,www.fmprc.gov.cn,2,10.0.0.1,9.31
2024-04-26_17.txt,www.fmprc.gov.cn,3,193.62.92.126,1.26
2024-04-26_17.txt,www.fmprc.gov.cn,4,10.11.2.2,1.09
2024-04-26_17.txt,www.fmprc.gov.cn,5,146.97.130.237,11.54
2024-04-26_17.txt,www.fmprc.gov.cn,6,146.97.35.217,9.91
2024-04-26_17.txt,www.fmprc.gov.cn,7,146.97.33.61,13.25
2024-04-26_17.txt,www.fmprc.gov.cn,8,146.97.35.194,8.58
2024-04-26_17.txt,www.fmprc.gov.cn,9,62.115.175.106,7.17
2024-04-26_17.txt,www.fmprc.gov.cn,10,62.115.138.168,8.04
2024-04-26_17.txt,www.fmprc.gov.cn,11,62.115.120.239,6.31
2024-04-26_17.txt,www.fmprc.gov.cn,12,62.115.161.119,6.41
2024-04-26_17.txt,www.gov.za,1,139.222.0.1,1.59
2024-04-26_17.txt,www.gov.za,2,10.0.0.1,7.3
2024-04-26_17.txt,www.gov.za,3,193.62.92.126,0.85
2024-04-26_17.txt,www.gov.za,4,10.11.2.2,0.95
2024-04-26_17.txt,www.gov.za,5,146.97.130.237,7.01
2024-04-26_17.txt,www.gov.za,6,146.97.35.217,5.48
2024-04-26_17.txt,www.gov.za,7,146.97.33.61,6.07
2024-04-26_17.txt,www.gov.za,8,146.97.35.194,7.18
2024-04-26_17.txt,www.gov.za,9,62.115.175.106,7.37
2024-04-26_17.txt,www.gov.za,10,62.115.138.168,6.7
2024-04-26_17.txt,www.gov.za,11,62.115.120.75,6.2
2024-04-26_17.txt,www.gov.za,15,196.26.0.201,172.88
2024-04-26_17.txt,www.gov.za,16,168.209.129.144,167.27
2024-04-26_17.txt,www.gov.za,17,168.209.90.3,167.7
2024-04-26_17.txt,www.gov.za,18,168.209.131.135,167.24
2024-04-26_17.txt,www.gov.za,19,197.97.72.54,171.39
2024-04-26_17.txt,www.gov.scot,1,139.222.0.1,5.92
2024-04-26_17.txt,www.gov.scot,2,10.0.0.1,10.25
2024-04-26_17.txt,www.gov.scot,3,193.62.92.126,1.09
2024-04-26_17.txt,www.gov.scot,4,10.11.2.2,1.1
2024-04-26_17.txt,www.gov.scot,5,146.97.130.237,5.45
2024-04-26_17.txt,www.gov.scot,6,146.97.35.217,6.05
2024-04-26_17.txt,www.gov.scot,7,146.97.35.182,6.77
2024-04-26_17.txt,www.gov.scot,8,99.82.180.146,11.42
2024-04-26_17.txt,www.gov.scot,12,52.94.35.129,7.89
2024-04-26_17.txt,www.gov.scot,18,143.204.194.99,7.84
2024-04-26_17.txt,www5.usp.br,1,139.222.0.1,1.4
2024-04-26_17.txt,www5.usp.br,2,10.0.0.1,11.52
2024-04-26_17.txt,www5.usp.br,3,193.62.92.126,0.92
2024-04-26_17.txt,www5.usp.br,4,10.11.2.2,0.91
2024-04-26_17.txt,www5.usp.br,5,146.97.130.237,5.64
2024-04-26_17.txt,www5.usp.br,6,146.97.35.217,5.99
2024-04-26_17.txt,www5.usp.br,7,146.97.33.5,6.35
2024-04-26_17.txt,www5.usp.br,8,146.97.33.1,6.75
2024-04-26_17.txt,www5.usp.br,9,62.40.124.197,6.8
2024-04-26_17.txt,www5.usp.br,10,62.40.124.45,92.4
2024-04-26_17.txt,www5.usp.br,11,163.253.1.120,112.02
2024-04-26_17.txt,www5.usp.br,12,163.253.1.135,112.15
2024-04-26_17.txt,www5.usp.br,13,163.253.1.102,110.42
2024-04-26_17.txt,www5.usp.br,14,163.253.2.33,111.22
2024-04-26_17.txt,www5.usp.br,15,198.71.45.189,121.51
2024-04-26_17.txt,www5.usp.br,16,170.39.8.47,225.51
2024-04-26_17.txt,www5.usp.br,17,200.136.16.225,225.41
2024-04-26_17.txt,www5.usp.br,18,143.107.23.33,225.69
2024-04-26_17.txt,www5.usp.br,19,143.107.151.62,226.7
2024-04-26_23.txt,www.fmprc.gov.cn,1,139.222.0.1,2.32
2024-04-26_23.txt,www.fmprc.gov.cn,2,10.0.0.1,6.78
2024-04-26_23.txt,www.fmprc.gov.cn,3,193.62.92.126,1.97
2024-04-26_23.txt,www.fmprc.gov.cn,4,10.11.2.2,2.7
2024-04-26_23.txt,www.fmprc.gov.cn,5,146.97.130.237,7.03
2024-04-26_23.txt,www.fmprc.gov.cn,6,146.97.35.217,6.11
2024-04-26_23.txt,www.fmprc.gov.cn,7,146.97.33.61,5.83
2024-04-26_23.txt,www.fmprc.gov.cn,8,146.97.35.194,5.66
2024-04-26_23.txt,www.fmprc.gov.cn,9,62.115.175.106,5.54
2024-04-26_23.txt,www.fmprc.gov.cn,10,62.115.136.140,6.07
2024-04-26_23.txt,www.fmprc.gov.cn,11,62.115.120.239,6.22
2024-04-26_23.txt,www.fmprc.gov.cn,12,62.115.161.119,16.14
2024-04-26_23.txt,www.gov.za,1,139.222.0.1,1.32
2024-04-26_23.txt,www.gov.za,2,10.0.0.1,6.6
2024-04-26_23.txt,www.gov.za,3,193.62.92.126,0.76
2024-04-26_23.txt,www.gov.za,4,10.11.2.2,1.16
2024-04-26_23.txt,www.gov.za,5,146.97.130.237,5.95
2024-04-26_23.txt,www.gov.za,6,146.97.35.217,5.8
2024-04-26_23.txt,www.gov.za,7,146.97.33.61,5.69
2024-04-26_23.txt,www.gov.za,8,146.97.35.194,5.64
2024-04-26_23.txt,www.gov.za,9,62.115.175.106,5.58
2024-04-26_23.txt,www.gov.za,11,62.115.122.181,6.58
2024-04-26_23.txt,www.gov.za,15,196.26.0.200,167.18
2024-04-26_23.txt,www.gov.za,16,168.209.129.144,167.34
2024-04-26_23.txt,www.gov.za,17,168.209.90.3,173.28
2024-04-26_23.txt,www.gov.za,18,168.209.131.143,170.3
2024-04-26_23.txt,www.gov.za,19,197.97.72.54,237.37
2024-04-26_23.txt,www.gov.scot,1,139.222.0.1,1.42
2024-04-26_23.txt,www.gov.scot,2,10.0.0.1,6.97
2024-04-26_23.txt,www.gov.scot,3,193.62.92.126,0.72
2024-04-26_23.txt,www.gov.scot,4,10.11.2.2,1.53
2024-04-26_23.txt,www.gov.scot,5,146.97.130.237,5.76
2024-04-26_23.txt,www.gov.scot,6,146.97.35.217,5.67
2024-04-26_23.txt,www.gov.scot,7,146.97.35.182,6.56
2024-04-26_23.txt,www.gov.scot,8,99.82.180.146,6.79
2024-04-26_23.txt,www.gov.scot,10,176.32.106.39,7.65
2024-04-26_23.txt,www.gov.scot,12,52.94.35.137,7.86
2024-04-26_23.txt,www.gov.scot,18,143.204.194.39,7.36
2024-04-26_23.txt,www5.usp.br,1,139.222.0.1,3.64
2024-04-26_23.txt,www5.usp.br,2,10.0.0.1,9.15
2024-04-26_23.txt,www5.usp.br,3,193.62.92.126,4.48
2024-04-26_23.txt,www5.usp.br,4,10.11.2.2,4.22
2024-04-26_23.txt,www5.usp.br,5,146.97.130.237,9.56
2024-04-26_23.txt,www5.usp.br,6,146.97.35.217,7.47
2024-04-26_23.txt,www5.usp.br,7,146.97.33.5,6.24
2024-04-26_23.txt,www5.usp.br,8,146.97.33.1,6.65
2024-04-26_23.txt,www5.usp.br,9,62.40.124.197,6.75
2024-04-26_23.txt,www5.usp.br,10,62.40.124.45,91.95
2024-04-26_23.txt,www5.usp.br,11,163.253.1.120,111.21
2024-04-26_23.txt,www5.usp.br,12,163.253.1.135,112.18
2024-04-26_23.txt,www5.usp.br,13,163.253.1.104,112.92
2024-04-26_23.txt,www5.usp.br,14,163.253.2.33,111.65
2024-04-26_23.txt,www5.usp.br,15,198.71.45.189,121.73
2024-04-26_23.txt,www5.usp.br,16,170.39.8.47,225.42
2024-04-26_23.txt,www5.usp.br,17,200.136.16.225,225.32
2024-04-26_23.txt,www5.usp.br,18,143.107.23.33,225.71
2024-04-26_23.txt,www5.usp.br,19,143.107.151.62,226.54
2024-04-27_02.txt,www.fmprc.gov.cn,1,139.222.0.1,1.3
2024-04-27_02.txt,www.fmprc.gov.cn,2,10.0.0.1,5.19
2024-04-27_02.txt,www.fmprc.gov.cn,3,193.62.92.126,0.97
2024-04-27_02.txt,www.fmprc.gov.cn,4,10.11.2.2,1.19
2024-04-27_02.txt,www.fmprc.gov.cn,5,146.97.130.237,12.46
2024-04-27_02.txt,www.fmprc.gov.cn,6,146.97.35.217,5.68
2024-04-27_02.txt,www.fmprc.gov.cn,7,146.97.33.61,5.61
2024-04-27_02.txt,www.fmprc.gov.cn,8,146.97.35.194,5.91
2024-04-27_02.txt,www.fmprc.gov.cn,9,62.115.175.106,5.86
2024-04-27_02.txt,www.fmprc.gov.cn,10,62.115.138.168,7.6
2024-04-27_02.txt,www.fmprc.gov.cn,11,62.115.122.189,6.33
2024-04-27_02.txt,www.fmprc.gov.cn,12,62.115.161.119,6.39
2024-04-27_02.txt,www.gov.za,1,139.222.0.1,1.67
2024-04-27_02.txt,www.gov.za,2,10.0.0.1,7.07
2024-04-27_02.txt,www.gov.za,3,193.62.92.126,1.24
2024-04-27_02.txt,www.gov.za,4,10.11.2.2,0.98
2024-04-27_02.txt,www.gov.za,5,146.97.130.237,5.99
2024-04-27_02.txt,www.gov.za,6,146.97.35.217,5.8
2024-04-27_02.txt,www.gov.za,7,146.97.33.61,5.44
2024-04-27_02.txt,www.gov.za,8,146.97.35.194,5.78
2024-04-27_02.txt,www.gov.za,9,62.115.175.106,5.67
2024-04-27_02.txt,www.gov.za,10,62.115.138.168,6.93
2024-04-27_02.txt,www.gov.za,11,62.115.120.75,6.0
2024-04-27_02.txt,www.gov.za,15,168.209.1.201,173.2
2024-04-27_02.txt,www.gov.za,16,168.209.129.136,172.7
2024-04-27_02.txt,www.gov.za,17,168.209.90.3,167.73
2024-04-27_02.txt,www.gov.za,18,168.209.131.143,171.36
2024-04-27_02.txt,www.gov.za,19,197.97.72.54,167.26
2024-04-27_02.txt,www.gov.scot,1,139.222.0.1,1.37
2024-04-27_02.txt,www.gov.scot,2,10.0.0.1,6.99
2024-04-27_02.txt,www.gov.scot,3,193.62.92.126,0.84
2024-04-27_02.txt,www.gov.scot,4,10.11.2.2,1.09
2024-04-27_02.txt,www.gov.scot,5,146.97.130.237,7.16
2024-04-27_02.txt,www.gov.scot,6,146.97.35.217,5.76
2024-04-27_02.txt,www.gov.scot,7,146.97.35.182,6.95
2024-04-27_02.txt,www.gov.scot,8,99.82.180.146,6.71
2024-04-27_02.txt,www.gov.scot,10,178.236.3.5,8.25
2024-04-27_02.txt,www.gov.scot,12,52.94.35.141,8.1
2024-04-27_02.txt,www.gov.scot,18,143.204.194.99,7.34
2024-04-27_02.txt,www5.usp.br,1,139.222.0.1,1.3
2024-04-27_02.txt,www5.usp.br,2,10.0.0.1,6.98
2024-04-27_02.txt,www5.usp.br,3,193.62.92.126,0.81
2024-04-27_02.txt,www5.usp.br,4,10.11.2.2,1.21
2024-04-27_02.txt,www5.usp.br,5,146.97.130.237,5.52
2024-04-27_02.txt,www5.usp.br,6,146.97.35.217,5.85
2024-04-27_02.txt,www5.usp.br,7,146.97.33.5,6.18
2024-04-27_02.txt,www5.usp.br,8,146.97.33.1,15.24
2024-04-27_02.txt,www5.usp.br,9,62.40.124.197,6.74
2024-04-27_02.txt,www5.usp.br,10,62.40.124.45,92.44
2024-04-27_02.txt,www5.usp.br,11,163.253.1.120,111.41
2024-04-27_02.txt,www5.usp.br,12,163.253.1.135,111.43
2024-04-27_02.txt,www5.usp.br,13,163.253.1.104,111.79
2024-04-27_02.txt,www5.usp.br,14,163.253.2.33,111.19
2024-04-27_02.txt,www5.usp.br,15,198.71.45.189,121.67
2024-04-27_02.txt,www5.usp.br,16,170.39.8.47,225.32
2024-04-27_02.txt,www5.usp.br,17,200.136.16.225,225.25
2024-04-27_02.txt,www5.usp.br,18,143.107.23.33,225.94
2024-04-27_02.txt,www5.usp.br,19,143.107.151.62,226.99
2024-04-27_09.txt,www.fmprc.gov.cn,1,139.222.0.1,1.58
2024-04-27_09.txt,www.fmprc.gov.cn,2,10.0.0.1,6.91
2024-04-27_09.txt,www.fmprc.gov.cn,3,193.62.92.126,1.1
2024-04-27_09.txt,www.fmprc.gov.cn,4,10.11.2.2,1.27
2024-04-27_09.txt,www.fmprc.gov.cn,5,146.97.130.237,5.5
2024-04-27_09.txt,www.fmprc.gov.cn,6,146.97.35.217,5.56
2024-04-27_09.txt,www.fmprc.gov.cn,7,146.97.33.61,5.44
2024-04-27_09.txt,www.fmprc.gov.cn,8,146.97.35.194,5.47
2024-04-27_09.txt,www.fmprc.gov.cn,10,62.115.138.168,7.05
2024-04-27_09.txt,www.fmprc.gov.cn,11,62.115.120.239,6.14
2024-04-27_09.txt,www.fmprc.gov.cn,12,62.115.161.119,6.56
2024-04-27_09.txt,www.gov.za,1,139.222.0.1,1.77
2024-04-27_09.txt,www.gov.za,2,10.0.0.1,6.81
2024-04-27_09.txt,www.gov.za,3,193.62.92.126,0.9
2024-04-27_09.txt,www.gov.za,4,10.11.2.2,0.97
2024-04-27_09.txt,www.gov.za,5,146.97.130.237,5.69
2024-04-27_09.txt,www.gov.za,6,146.97.35.217,5.7
2024-04-27_09.txt,www.gov.za,7,146.97.33.61,5.46
2024-04-27_09.txt,www.gov.za,8,146.97.35.194,5.58
2024-04-27_09.txt,www.gov.za,11,62.115.120.75,6.32
2024-04-27_09.txt,www.gov.za,15,168.209.1.201,167.13
2024-04-27_09.txt,www.gov.za,16,168.209.129.138,167.28
2024-04-27_09.txt,www.gov.za,17,168.209.90.7,172.99
2024-04-27_09.txt,www.gov.za,18,168.209.131.135,170.16
2024-04-27_09.txt,www.gov.za,19,197.97.72.54,168.91
2024-04-27_09.txt,www.gov.scot,1,139.222.0.1,11.6
2024-04-27_09.txt,www.gov.scot,2,10.0.0.1,4.06
2024-04-27_09.txt,www.gov.scot,3,193.62.92.126,1.14
2024-04-27_09.txt,www.gov.scot,4,10.11.2.2,1.35
2024-04-27_09.txt,www.gov.scot,5,146.97.130.237,5.66
2024-04-27_09.txt,www.gov.scot,6,146.97.35.217,5.59
2024-04-27_09.txt,www.gov.scot,7,146.97.35.182,6.52
2024-04-27_09.txt,www.gov.scot,8,99.82.180.146,7.2
2024-04-27_09.txt,www.gov.scot,12,52.94.35.133,8.23
2024-04-27_09.txt,www.gov.scot,18,143.204.194.66,7.39
2024-04-27_09.txt,www5.usp.br,1,139.222.0.1,2.58
2024-04-27_09.txt,www5.usp.br,2,10.0.0.1,9.05
2024-04-27_09.txt,www5.usp.br,3,193.62.92.126,1.1
2024-04-27_09.txt,www5.usp.br,4,10.11.2.2,1.39
2024-04-27_09.txt,www5.usp.br,5,146.97.130.237,5.64
2024-04-27_09.txt,www5.usp.br,6,146.97.35.217,5.65
2024-04-27_09.txt,www5.usp.br,7,146.97.33.5,6.27
2024-04-27_09.txt,www5.usp.br,8,146.97.33.1,6.71
2024-04-27_09.txt,www5.usp.br,9,62.40.124.197,15.2
2024-04-27_09.txt,www5.usp.br,10,62.40.124.45,93.19
2024-04-27_09.txt,www5.usp.br,11,163.253.1.120,111.89
2024-04-27_09.txt,www5.usp.br,12,163.253.1.135,112.15
2024-04-27_09.txt,www5.usp.br,13,163.253.1.102,111.11
2024-04-27_09.txt,www5.usp.br,14,163.253.2.33,110.77
2024-04-27_09.txt,www5.usp.br,15,198.71.45.189,121.59
2024-04-27_09.txt,www5.usp.br,16,170.39.8.47,225.46
2024-04-27_09.txt,www5.usp.br,17,200.136.16.225,225.39
2024-04-27_09.txt,www5.usp.br,18,143.107.23.33,225.55
2024-04-27_09.txt,www5.usp.br,19,143.107.151.62,226.36
2024-04-27_17.txt,www.fmprc.gov.cn,1,139.222.0.1,1.2
2024-04-27_17.txt,www.fmprc.gov.cn,2,10.0.0.1,7.29
2024-04-27_17.txt,www.fmprc.gov.cn,3,193.62.92.126,0.89
2024-04-27_17.txt,www.fmprc.gov.cn,4,10.11.2.2,1.01
2024-04-27_17.txt,www.fmprc.gov.cn,5,146.97.130.237,5.71
2024-04-27_17.txt,www.fmprc.gov.cn,6,146.97.35.217,5.74
2024-04-27_17.txt,www.fmprc.gov.cn,7,146.97.33.61,11.67
2024-04-27_17.txt,www.fmprc.gov.cn,8,146.97.35.194,5.86
2024-04-27_17.txt,www.fmprc.gov.cn,10,62.115.138.168,6.74
2024-04-27_17.txt,www.fmprc.gov.cn,11,62.115.122.189,6.16
2024-04-27_17.txt,www.fmprc.gov.cn,12,62.115.161.119,6.93
2024-04-27_17.txt,www.gov.za,2,10.0.0.1,12.47
2024-04-27_17.txt,www.gov.za,3,193.62.92.126,0.72
2024-04-27_17.txt,www.gov.za,4,10.11.2.2,1.15
2024-04-27_17.txt,www.gov.za,5,146.97.130.237,5.76
2024-04-27_17.txt,www.gov.za,6,146.97.35.217,5.71
2024-04-27_17.txt,www.gov.za,7,146.97.33.61,5.57
2024-04-27_17.txt,www.gov.za,8,146.97.35.194,5.72
2024-04-27_17.txt,www.gov.za,11,62.115.122.181,6.32
2024-04-27_17.txt,www.gov.za,15,196.26.0.201,171.11
2024-04-27_17.txt,www.gov.za,16,168.209.129.138,167.52
2024-04-27_17.txt,www.gov.za,17,168.209.90.7,172.92
2024-04-27_17.txt,www.gov.za,18,168.209.131.143,173.07
2024-04-27_17.txt,www.gov.za,19,197.97.72.54,171.23
2024-04-27_17.txt,www.gov.scot,1,139.222.0.1,1.24
2024-04-27_17.txt,www.gov.scot,2,10.0.0.1,6.97
2024-04-27_17.txt,www.gov.scot,3,193.62.92.126,0.76
2024-04-27_17.txt,www.gov.scot,4,10.11.2.2,1.12
2024-04-27_17.txt,www.gov.scot,5,146.97.130.237,5.63
2024-04-27_17.txt,www.gov.scot,6,146.97.35.217,5.9
2024-04-27_17.txt,www.gov.scot,7,146.97.35.182,6.81
2024-04-27_17.txt,www.gov.scot,8,99.82.180.146,16.52
2024-04-27_17.txt,www.gov.scot,10,176.32.106.39,18.88
2024-04-27_17.txt,www.gov.scot,12,52.94.35.139,7.76
2024-04-27_17.txt,www.gov.scot,18,143.204.194.39,7.47
2024-04-27_17.txt,www5.usp.br,1,139.222.0.1,1.56
2024-04-27_17.txt,www5.usp.br,2,10.0.0.1,7.6
2024-04-27_17.txt,www5.usp.br,3,193.62.92.126,1.1
2024-04-27_17.txt,www5.usp.br,4,10.11.2.2,1.38
2024-04-27_17.txt,www5.usp.br,5,146.97.130.237,5.87
2024-04-27_17.txt,www5.usp.br,6,146.97.35.217,5.74
2024-04-27_17.txt,www5.usp.br,7,146.97.33.5,6.53
2024-04-27_17.txt,www5.usp.br,8,146.97.33.1,6.88
2024-04-27_17.txt,www5.usp.br,9,62.40.124.197,6.88
2024-04-27_17.txt,www5.usp.br,10,62.40.124.45,92.34
2024-04-27_17.txt,www5.usp.br,11,163.253.1.120,112.37
2024-04-27_17.txt,www5.usp.br,12,163.253.1.135,111.7
2024-04-27_17.txt,www5.usp.br,13,163.253.1.104,111.49
2024-04-27_17.txt,www5.usp.br,14,163.253.2.33,112.03
2024-04-27_17.txt,www5.usp.br,15,198.71.45.189,122.35
2024-04-27_17.txt,www5.usp.br,16,170.39.8.47,225.61
2024-04-27_17.txt,www5.usp.br,17,200.136.16.225,225.39
2024-04-27_17.txt,www5.usp.br,18,143.107.23.33,225.59
2024-04-27_17.txt,www5.usp.br,19,143.107.151.62,226.67
2024-04-27_23.txt,www.fmprc.gov.cn,1,139.222.0.1,1.12
2024-04-27_23.txt,www.fmprc.gov.cn,2,10.0.0.1,7.32
2024-04-27_23.txt,www.fmprc.gov.cn,3,193.62.92.126,0.75
2024-04-27_23.txt,www.fmprc.gov.cn,4,10.11.2.2,0.99
2024-04-27_23.txt,www.fmprc.gov.cn,5,146.97.130.237,5.73
2024-04-27_23.txt,www.fmprc.gov.cn,6,146.97.35.217,7.11
2024-04-27_23.txt,www.fmprc.gov.cn,7,146.97.33.61,5.76
2024-04-27_23.txt,www.fmprc.gov.cn,8,146.97.35.194,5.79
2024-04-27_23.txt,www.fmprc.gov.cn,10,62.115.138.168,7.21
2024-04-27_23.txt,www.fmprc.gov.cn,11,62.115.122.189,6.25
2024-04-27_23.txt,www.fmprc.gov.cn,12,62.115.161.119,6.92
2024-04-27_23.txt,www.gov.za,1,139.222.0.1,1.06
2024-04-27_23.txt,www.gov.za,2,10.0.0.1,9.76
2024-04-27_23.txt,www.gov.za,3,193.62.92.126,0.69
2024-04-27_23.txt,www.gov.za,4,10.11.2.2,0.92
2024-04-27_23.txt,www.gov.za,5,146.97.130.237,5.63
2024-04-27_23.txt,www.gov.za,6,146.97.35.217,5.95
2024-04-27_23.txt,www.gov.za,7,146.97.33.61,5.76
2024-04-27_23.txt,www.gov.za,8,146.97.35.194,5.73
2024-04-27_23.txt,www.gov.za,9,62.115.175.106,5.71
2024-04-27_23.txt,www.gov.za,10,62.115.138.168,7.03
2024-04-27_23.txt,www.gov.za,11,62.115.122.181,5.84
2024-04-27_23.txt,www.gov.za,15,168.209.1.200,172.56
2024-04-27_23.txt,www.gov.za,16,168.209.129.144,173.06
2024-04-27_23.txt,www.gov.za,17,168.209.90.3,171.36
2024-04-27_23.txt,www.gov.za,18,168.209.131.135,167.6
2024-04-27_23.txt,www.gov.za,19,197.97.72.54,169.1
2024-04-27_23.txt,www.gov.scot,1,139.222.0.1,1.27
2024-04-27_23.txt,www.gov.scot,2,10.0.0.1,7.18
2024-04-27_23.txt,www.gov.scot,3,193.62.92.126,0.73
2024-04-27_23.txt,www.gov.scot,4,10.11.2.2,0.92
2024-04-27_23.txt,www.gov.scot,5,146.97.130.237,5.55
2024-04-27_23.txt,www.gov.scot,6,146.97.35.217,6.08
2024-04-27_23.txt,www.gov.scot,7,146.97.35.182,6.48
2024-04-27_23.txt,www.gov.scot,8,99.82.180.146,6.8
2024-04-27_23.txt,www.gov.scot,10,178.236.3.5,11.71
2024-04-27_23.txt,www.gov.scot,12,52.94.35.129,7.98
2024-04-27_23.txt,www.gov.scot,18,143.204.194.39,7.25
2024-04-27_23.txt,www5.usp.br,1,139.222.0.1,1.65
2024-04-27_23.txt,www5.usp.br,3,193.62.92.126,0.8
2024-04-27_23.txt,www5.usp.br,4,10.11.2.2,1.09
2024-04-27_23.txt,www5.usp.br,5,146.97.130.237,6.19
2024-04-27_23.txt,www5.usp.br,6,146.97.35.217,8.81
2024-04-27_23.txt,www5.usp.br,7,146.97.33.5,6.3
2024-04-27_23.txt,www5.usp.br,8,146.97.33.1,6.4
2024-04-27_23.txt,www5.usp.br,9,62.40.124.197,6.68
2024-04-27_23.txt,www5.usp.br,10,62.40.124.45,91.65
2024-04-27_23.txt,www5.usp.br,11,163.253.1.120,112.53
2024-04-27_23.txt,www5.usp.br,12,163.253.1.135,110.95
2024-04-27_23.txt,www5.usp.br,13,163.253.1.104,111.23
2024-04-27_23.txt,www5.usp.br,14,163.253.2.33,111.54
2024-04-27_23.txt,www5.usp.br,15,198.71.45.189,121.6
2024-04-27_23.txt,www5.usp.br,16,170.39.8.47,225.5
2024-04-27_23.txt,www5.usp.br,17,200.136.16.225,225.71
2024-04-27_23.txt,www5.usp.br,18,143.107.23.33,226.86
2024-04-27_23.txt,www5.usp.br,19,143.107.151.62,226.61
2024-04-28_02.txt,www.fmprc.gov.cn,1,139.222.0.1,1.36
2024-04-28_02.txt,www.fmprc.gov.cn,2,10.0.0.1,6.68
2024-04-28_02.txt,www.fmprc.gov.cn,3,193.62.92.126,0.81
2024-04-28_02.txt,www.fmprc.gov.cn,4,10.11.2.2,1.08
2024-04-28_02.txt,www.fmprc.gov.cn,5,146.97.130.237,5.48
2024-04-28_02.txt,www.fmprc.gov.cn,6,146.97.35.217,5.72
2024-04-28_02.txt,www.fmprc.gov.cn,7,146.97.33.61,6.23
2024-04-28_02.txt,www.fmprc.gov.cn,8,146.97.35.194,5.91
2024-04-28_02.txt,www.fmprc.gov.cn,9,62.115.175.106,5.76
2024-04-28_02.txt,www.fmprc.gov.cn,10,62.115.138.168,7.21
2024-04-28_02.txt,www.fmprc.gov.cn,11,62.115.122.189,6.06
2024-04-28_02.txt,www.fmprc.gov.cn,12,62.115.161.119,6.71
2024-04-28_02.txt,www.gov.za,1,139.222.0.1,1.39
2024-04-28_02.txt,www.gov.za,2,10.0.0.1,7.35
2024-04-28_02.txt,www.gov.za,3,193.62.92.126,0.92
2024-04-28_02.txt,www.gov.za,4,10.11.2.2,1.01
2024-04-28_02.txt,www.gov.za,5,146.97.130.237,7.1
2024-04-28_02.txt,www.gov.za,6,146.97.35.217,6.29
2024-04-28_02.txt,www.gov.za,7,146.97.33.61,5.8
2024-04-28_02.txt,www.gov.za,8,146.97.35.194,6.01
2024-04-28_02.txt,www.gov.za,9,62.115.175.106,6.8
2024-04-28_02.txt,www.gov.za,10,62.115.138.168,7.66
2024-04-28_02.txt,www.gov.za,11,62.115.122.181,6.95
2024-04-28_02.txt,www.gov.za,15,168.209.1.201,167.59
2024-04-28_02.txt,www.gov.za,16,168.209.129.144,171.04
2024-04-28_02.txt,www.gov.za,17,168.209.90.7,170.29
2024-04-28_02.txt,www.gov.za,18,168.209.131.135,174.15
2024-04-28_02.txt,www.gov.za,19,197.97.72.54,170.95
2024-04-28_02.txt,www.gov.scot,1,139.222.0.1,1.43
2024-04-28_02.txt,www.gov.scot,2,10.0.0.1,7.04
2024-04-28_02.txt,www.gov.scot,3,193.62.92.126,1.52
2024-04-28_02.txt,www.gov.scot,4,10.11.2.2,1.34
2024-04-28_02.txt,www.gov.scot,5,146.97.130.237,5.74
2024-04-28_02.txt,www.gov.scot,6,146.97.35.217,5.73
2024-04-28_02.txt,www.gov.scot,7,146.97.35.182,11.74
2024-04-28_02.txt,www.gov.scot,8,99.82.180.146,7.74
2024-04-28_02.txt,www.gov.scot,10,178.236.3.5,9.03
2024-04-28_02.txt,www.gov.scot,12,52.94.35.141,8.14
2024-04-28_02.txt,www.gov.scot,18,143.204.194.39,7.47
2024-04-28_02.txt,www5.usp.br,1,139.222.0.1,1.58
2024-04-28_02.txt,www5.usp.br,2,10.0.0.1,7.08
2024-04-28_02.txt,www5.usp.br,3,193.62.92.126,1.01
2024-04-28_02.txt,www5.usp.br,4,10.11.2.2,1.28
2024-04-28_02.txt,www5.usp.br,5,146.97.130.237,5.82
2024-04-28_02.txt,www5.usp.br,6,146.97.35.217,5.84
2024-04-28_02.txt,www5.usp.br,7,146.97.33.5,6.12
2024-04-28_02.txt,www5.usp.br,8,146.97.33.1,7.09
2024-04-28_02.txt,www5.usp.br,9,62.40.124.197,6.77
2024-04-28_02.txt,www5.usp.br,10,62.40.124.45,91.26
2024-04-28_02.txt,www5.usp.br,11,163.253.1.120,111.58
2024-04-28_02.txt,www5.usp.br,12,163.253.1.135,110.68
2024-04-28_02.txt,www5.usp.br,13,163.253.1.104,112.34
2024-04-28_02.txt,www5.usp.br,14,163.253.2.33,112.86
2024-04-28_02.txt,www5.usp.br,15,198.71.45.189,121.62
2024-04-28_02.txt,www5.usp.br,16,170.39.8.47,225.65
2024-04-28_02.txt,www5.usp.br,17,200.136.16.225,225.81
2024-04-28_02.txt,www5.usp.br,18,143.107.23.33,225.81
2024-04-28_02.txt,www5.usp.br,19,143.107.151.62,226.67
2024-04-28_09.txt,www.fmprc.gov.cn,1,139.222.0.1,1.28
2024-04-28_09.txt,www.fmprc.gov.cn,2,10.0.0.1,6.77
2024-04-28_09.txt,www.fmprc.gov.cn,3,193.62.92.126,0.88
2024-04-28_09.txt,www.fmprc.gov.cn,4,10.11.2.2,1.29
2024-04-28_09.txt,www.fmprc.gov.cn,5,146.97.130.237,5.85
2024-04-28_09.txt,www.fmprc.gov.cn,6,146.97.35.217,5.68
2024-04-28_09.txt,www.fmprc.gov.cn,7,146.97.33.61,6.36
2024-04-28_09.txt,www.fmprc.gov.cn,8,146.97.35.194,5.67
2024-04-28_09.txt,www.fmprc.gov.cn,10,62.115.138.168,7.13
2024-04-28_09.txt,www.fmprc.gov.cn,11,62.115.120.239,6.23
2024-04-28_09.txt,www.fmprc.gov.cn,12,62.115.161.119,6.69
2024-04-28_09.txt,www.gov.za,1,139.222.0.1,7.94
2024-04-28_09.txt,www.gov.za,2,10.0.0.1,6.99
2024-04-28_09.txt,www.gov.za,3,193.62.92.126,0.76
2024-04-28_09.txt,www.gov.za,4,10.11.2.2,1.2
2024-04-28_09.txt,www.gov.za,5,146.97.130.237,5.44
2024-04-28_09.txt,www.gov.za,6,146.97.35.217,5.93
2024-04-28_09.txt,www.gov.za,7,146.97.33.61,6.04
2024-04-28_09.txt,www.gov.za,8,146.97.35.194,5.6
2024-04-28_09.txt,www.gov.za,10,62.115.138.168,7.42
2024-04-28_09.txt,www.gov.za,11,62.115.122.181,6.37
2024-04-28_09.txt,www.gov.za,15,196.26.0.201,167.23
2024-04-28_09.txt,www.gov.za,16,168.209.129.138,173.69
2024-04-28_09.txt,www.gov.za,17,168.209.90.3,167.47
2024-04-28_09.txt,www.gov.za,18,168.209.131.135,171.12
2024-04-28_09.txt,www.gov.za,19,197.97.72.54,167.22
2024-04-28_09.txt,www.gov.scot,1,139.222.0.1,1.13
2024-04-28_09.txt,www.gov.scot,2,10.0.0.1,27.87
2024-04-28_09.txt,www.gov.scot,3,193.62.92.126,0.86
2024-04-28_09.txt,www.gov.scot,4,10.11.2.2,0.96
2024-04-28_09.txt,www.gov.scot,5,146.97.130.237,5.43
2024-04-28_09.txt,www.gov.scot,6,146.97.35.217,5.86
2024-04-28_09.txt,www.gov.scot,7,146.97.35.182,6.64
2024-04-28_09.txt,www.gov.scot,8,99.82.180.146,6.63
2024-04-28_09.txt,www.gov.scot,12,52.94.35.139,22.12
2024-04-28_09.txt,www.gov.scot,18,143.204.194.66,7.44
2024-04-28_09.txt,www5.usp.br,1,139.222.0.1,13.41
2024-04-28_09.txt,www5.usp.br,2,10.0.0.1,14.35
2024-04-28_09.txt,www5.usp.br,3,193.62.92.126,1.12
2024-04-28_09.txt,www5.usp.br,4,10.11.2.2,0.99
2024-04-28_09.txt,www5.usp.br,5,146.97.130.237,5.43
2024-04-28_09.txt,www5.usp.br,6,146.97.35.217,5.96
2024-04-28_09.txt,www5.usp.br,7,146.97.33.5,6.52
2024-04-28_09.txt,www5.usp.br,8,146.97.33.1,6.89
2024-04-28_09.txt,www5.usp.br,9,62.40.124.197,8.23
2024-04-28_09.txt,www5.usp.br,10,62.40.124.45,92.78
2024-04-28_09.txt,www5.usp.br,11,163.253.1.120,110.61
2024-04-28_09.txt,www5.usp.br,12,163.253.1.135,112.26
2024-04-28_09.txt,www5.usp.br,13,163.253.1.100,111.23
2024-04-28_09.txt,www5.usp.br,14,163.253.2.33,112.04
2024-04-28_09.txt,www5.usp.br,15,198.71.45.189,121.4
2024-04-28_09.txt,www5.usp.br,16,170.39.8.47,225.31
2024-04-28_09.txt,www5.usp.br,17,200.136.16.225,225.41
2024-04-28_09.txt,www5.usp.br,18,143.107.23.33,227.05
2024-04-28_09.txt,www5.usp.br,19,143.107.151.62,226.92
2024-04-28_17.txt,www.fmprc.gov.cn,1,139.222.0.1,1.56
2024-04-28_17.txt,www.fmprc.gov.cn,2,10.0.0.1,29.81
2024-04-28_17.txt,www.fmprc.gov.cn,3,193.62.92.126,0.73
2024-04-28_17.txt,www.fmprc.gov.cn,4,10.11.2.2,1.22
2024-04-28_17.txt,www.fmprc.gov.cn,5,146.97.130.237,6.18
2024-04-28_17.txt,www.fmprc.gov.cn,6,146.97.35.217,5.73
2024-04-28_17.txt,www.fmprc.gov.cn,7,146.97.33.61,6.24
2024-04-28_17.txt,www.fmprc.gov.cn,8,146.97.35.194,5.43
2024-04-28_17.txt,www.fmprc.gov.cn,9,62.115.175.106,5.49
2024-04-28_17.txt,www.fmprc.gov.cn,10,62.115.138.168,6.8
2024-04-28_17.txt,www.fmprc.gov.cn,11,62.115.120.239,5.97
2024-04-28_17.txt,www.fmprc.gov.cn,12,62.115.161.119,6.46
2024-04-28_17.txt,www.gov.za,1,139.222.0.1,2.76
2024-04-28_17.txt,www.gov.za,2,10.0.0.1,7.67
2024-04-28_17.txt,www.gov.za,3,193.62.92.126,1.84
2024-04-28_17.txt,www.gov.za,4,10.11.2.2,1.95
2024-04-28_17.txt,www.gov.za,5,146.97.130.237,6.33
2024-04-28_17.txt,www.gov.za,6,146.97.35.217,6.01
2024-04-28_17.txt,www.gov.za,7,146.97.33.61,5.78
2024-04-28_17.txt,www.gov.za,8,146.97.35.194,5.7
2024-04-28_17.txt,www.gov.za,9,62.115.175.106,5.59
2024-04-28_17.txt,www.gov.za,11,62.115.120.75,6.35
2024-04-28_17.txt,www.gov.za,15,168.209.1.200,172.93
2024-04-28_17.txt,www.gov.za,16,168.209.129.138,167.61
2024-04-28_17.txt,www.gov.za,17,168.209.90.3,170.35
2024-04-28_17.txt,www.gov.za,18,168.209.131.135,167.91
2024-04-28_17.txt,www.gov.za,19,197.97.72.54,170.52
2024-04-28_17.txt,www.gov.scot,1,139.222.0.1,1.74
2024-04-28_17.txt,www.gov.scot,2,10.0.0.1,6.72
2024-04-28_17.txt,www.gov.scot,3,193.62.92.126,0.85
2024-04-28_17.txt,www.gov.scot,4,10.11.2.2,1.12
2024-04-28_17.txt,www.gov.scot,5,146.97.130.237,5.56
2024-04-28_17.txt,www.gov.scot,6,146.97.35.217,5.67
2024-04-28_17.txt,www.gov.scot,7,146.97.35.182,6.45
2024-04-28_17.txt,www.gov.scot,8,99.82.180.146,6.61
2024-04-28_17.txt,www.gov.scot,10,176.32.106.39,9.66
2024-04-28_17.txt,www.gov.scot,12,52.94.35.139,13.33
2024-04-28_17.txt,www.gov.scot,18,143.204.194.2,7.44
2024-04-28_17.txt,www5.usp.br,1,139.222.0.1,1.14
2024-04-28_17.txt,www5.usp.br,2,10.0.0.1,6.98
2024-04-28_17.txt,www5.usp.br,3,193.62.92.126,0.71
2024-04-28_17.txt,www5.usp.br,4,10.11.2.2,0.95
2024-04-28_17.txt,www5.usp.br,5,146.97.130.237,6.4
2024-04-28_17.txt,www5.usp.br,6,146.97.35.217,6.47
2024-04-28_17.txt,www5.usp.br,7,146.97.33.5,6.33
2024-04-28_17.txt,www5.usp.br,8,146.97.33.1,6.61
2024-04-28_17.txt,www5.usp.br,9,62.40.124.197,6.75
2024-04-28_17.txt,www5.usp.br,10,62.40.124.45,92.42
2024-04-28_17.txt,www5.usp.br,11,163.253.1.120,111.58
2024-04-28_17.txt,www5.usp.br,12,163.253.1.135,111.46
2024-04-28_17.txt,www5.usp.br,13,163.253.1.102,111.14
2024-04-28_17.txt,www5.usp.br,14,163.253.2.33,112.3
2024-04-28_17.txt,www5.usp.br,15,198.71.45.189,121.55
2024-04-28_17.txt,www5.usp.br,16,170.39.8.47,225.41
2024-04-28_17.txt,www5.usp.br,17,200.136.16.225,225.33
2024-04-28_17.txt,www5.usp.br,18,143.107.23.33,225.59
2024-04-28_17.txt,www5.usp.br,19,143.107.151.62,226.7
2024-04-28_23.txt,www.fmprc.gov.cn,1,139.222.0.1,1.43
2024-04-28_23.txt,www.fmprc.gov.cn,2,10.0.0.1,6.66
2024-04-28_23.txt,www.fmprc.gov.cn,3,193.62.92.126,0.97
2024-04-28_23.txt,www.fmprc.gov.cn,4,10.11.2.2,1.17
2024-04-28_23.txt,www.fmprc.gov.cn,5,146.97.130.237,34.41
2024-04-28_23.txt,www.fmprc.gov.cn,6,146.97.35.217,18.18
2024-04-28_23.txt,www.fmprc.gov.cn,7,146.97.33.61,12.69
2024-04-28_23.txt,www.fmprc.gov.cn,8,146.97.35.194,5.61
2024-04-28_23.txt,www.fmprc.gov.cn,9,62.115.175.106,5.76
2024-04-28_23.txt,www.fmprc.gov.cn,10,62.115.138.168,6.9
2024-04-28_23.txt,www.fmprc.gov.cn,11,62.115.120.239,6.07
2024-04-28_23.txt,www.fmprc.gov.cn,12,62.115.161.119,6.76
2024-04-28_23.txt,www.gov.za,1,139.222.0.1,1.06
2024-04-28_23.txt,www.gov.za,2,10.0.0.1,8.15
2024-04-28_23.txt,www.gov.za,3,193.62.92.126,0.81
2024-04-28_23.txt,www.gov.za,4,10.11.2.2,0.93
2024-04-28_23.txt,www.gov.za,5,146.97.130.237,5.4
2024-04-28_23.txt,www.gov.za,6,146.97.35.217,14.58
2024-04-28_23.txt,www.gov.za,7,146.97.33.61,6.87
2024-04-28_23.txt,www.gov.za,8,146.97.35.194,5.71
2024-04-28_23.txt,www.gov.za,10,62.115.138.168,6.96
2024-04-28_23.txt,www.gov.za,11,62.115.120.75,6.04
2024-04-28_23.txt,www.gov.za,15,168.209.1.200,172.12
2024-04-28_23.txt,www.gov.za,16,168.209.129.144,172.78
2024-04-28_23.txt,www.gov.za,17,168.209.90.3,167.63
2024-04-28_23.txt,www.gov.za,18,168.209.131.143,167.76
2024-04-28_23.txt,www.gov.za,19,197.97.72.54,169.07
2024-04-28_23.txt,www.gov.scot,1,139.222.0.1,1.33
2024-04-28_23.txt,www.gov.scot,3,193.62.92.126,0.73
2024-04-28_23.txt,www.gov.scot,4,10.11.2.2,0.93
2024-04-28_23.txt,www.gov.scot,5,146.97.130.237,6.66
2024-04-28_23.txt,www.gov.scot,6,146.97.35.217,12.67
2024-04-28_23.txt,www.gov.scot,7,146.97.35.182,6.6
2024-04-28_23.txt,www.gov.scot,8,99.82.180.146,6.93
2024-04-28_23.txt,www.gov.scot,10,176.32.106.39,44.8
2024-04-28_23.txt,www.gov.scot,12,52.94.35.129,8.26
2024-04-28_23.txt,www.gov.scot,18,143.204.194.66,7.31
2024-04-28_23.txt,www5.usp.br,1,139.222.0.1,1.2
2024-04-28_23.txt,www5.usp.br,2,10.0.0.1,7.01
2024-04-28_23.txt,www5.usp.br,3,193.62.92.126,0.84
2024-04-28_23.txt,www5.usp.br,4,10.11.2.2,1.2
2024-04-28_23.txt,www5.usp.br,5,146.97.130.237,5.57
2024-04-28_23.txt,www5.usp.br,6,146.97.35.217,5.89
2024-04-28_23.txt,www5.usp.br,7,146.97.33.5,6.29
2024-04-28_23.txt,www5.usp.br,8,146.97.33.1,6.85
2024-04-28_23.txt,www5.usp.br,9,62.40.124.197,6.87
2024-04-28_23.txt,www5.usp.br,10,62.40.124.45,92.23
2024-04-28_23.txt,www5.usp.br,11,163.253.1.120,112.29
2024-04-28_23.txt,www5.usp.br,12,163.253.1.135,111.42
2024-04-28_23.txt,www5.usp.br,13,163.253.1.102,112.0
2024-04-28_23.txt,www5.usp.br,14,163.253.2.33,111.6
2024-04-28_23.txt,www5.usp.br,15,198.71.45.189,121.5
2024-04-28_23.txt,www5.usp.br,16,170.39.8.47,225.35
2024-04-28_23.txt,www5.usp.br,17,200.136.16.225,225.24
2024-04-28_23.txt,www5.usp.br,18,143.107.23.33,225.71
2024-04-28_23.txt,www5.usp.br,19,143.107.151.62,226.62
2024-04-29_02.txt,www.fmprc.gov.cn,1,139.222.0.1,1.29
2024-04-29_02.txt,www.fmprc.gov.cn,2,10.0.0.1,8.3
2024-04-29_02.txt,www.fmprc.gov.cn,3,193.62.92.126,0.77
2024-04-29_02.txt,www.fmprc.gov.cn,4,10.11.2.2,1.11
2024-04-29_02.txt,www.fmprc.gov.cn,5,146.97.130.237,5.58
2024-04-29_02.txt,www.fmprc.gov.cn,6,146.97.35.217,6.98
2024-04-29_02.txt,www.fmprc.gov.cn,7,146.97.33.61,5.86
2024-04-29_02.txt,www.fmprc.gov.cn,8,146.97.35.194,5.61
2024-04-29_02.txt,www.fmprc.gov.cn,9,62.115.175.106,5.51
2024-04-29_02.txt,www.fmprc.gov.cn,10,62.115.138.168,7.08
2024-04-29_02.txt,www.fmprc.gov.cn,11,62.115.120.239,5.98
2024-04-29_02.txt,www.fmprc.gov.cn,12,62.115.161.119,6.26
2024-04-29_02.txt,www.gov.za,1,139.222.0.1,1.29
2024-04-29_02.txt,www.gov.za,2,10.0.0.1,13.1
2024-04-29_02.txt,www.gov.za,3,193.62.92.126,0.79
2024-04-29_02.txt,www.gov.za,4,10.11.2.2,1.32
2024-04-29_02.txt,www.gov.za,5,146.97.130.237,5.53
2024-04-29_02.txt,www.gov.za,6,146.97.35.217,5.65
2024-04-29_02.txt,www.gov.za,7,146.97.33.61,5.5
2024-04-29_02.txt,www.gov.za,8,146.97.35.194,5.81
2024-04-29_02.txt,www.gov.za,9,62.115.175.106,5.73
2024-04-29_02.txt,www.gov.za,10,62.115.136.140,5.92
2024-04-29_02.txt,www.gov.za,11,62.115.120.75,6.31
2024-04-29_02.txt,www.gov.za,15,168.209.1.200,170.09
2024-04-29_02.txt,www.gov.za,16,168.209.129.136,172.91
2024-04-29_02.txt,www.gov.za,17,168.209.90.3,169.33
2024-04-29_02.txt,www.gov.za,18,168.209.131.135,172.77
2024-04-29_02.txt,www.gov.za,19,197.97.72.54,172.51
2024-04-29_02.txt,www.gov.scot,1,139.222.0.1,1.18
2024-04-29_02.txt,www.gov.scot,2,10.0.0.1,6.58
2024-04-29_02.txt,www.gov.scot,3,193.62.92.126,0.85
2024-04-29_02.txt,www.gov.scot,4,10.11.2.2,1.13
2024-04-29_02.txt,www.gov.scot,5,146.97.130.237,7.14
2024-04-29_02.txt,www.gov.scot,6,146.97.35.217,5.62
2024-04-29_02.txt,www.gov.scot,7,146.97.35.182,6.46
2024-04-29_02.txt,www.gov.scot,8,99.82.180.146,8.48
2024-04-29_02.txt,www.gov.scot,10,176.32.106.39,8.2
2024-04-29_02.txt,www.gov.scot,12,52.94.35.135,7.55
2024-04-29_02.txt,www.gov.scot,18,143.204.194.66,7.32
2024-04-29_02.txt,www5.usp.br,1,139.222.0.1,7.12
2024-04-29_02.txt,www5.usp.br,2,10.0.0.1,9.01
2024-04-29_02.txt,www5.usp.br,3,193.62.92.126,6.89
2024-04-29_02.txt,www5.usp.br,4,10.11.2.2,6.76
2024-04-29_02.txt,www5.usp.br,5,146.97.130.237,13.38
2024-04-29_02.txt,www5.usp.br,6,146.97.35.217,7.57
2024-04-29_02.txt,www5.usp.br,7,146.97.33.5,6.04
2024-04-29_02.txt,www5.usp.br,8,146.97.33.1,10.02
2024-04-29_02.txt,www5.usp.br,9,62.40.124.197,6.71
2024-04-29_02.txt,www5.usp.br,10,62.40.124.45,92.22
2024-04-29_02.txt,www5.usp.br,11,163.253.1.120,111.89
2024-04-29_02.txt,www5.usp.br,12,163.253.1.135,112.6
2024-04-29_02.txt,www5.usp.br,13,163.253.1.104,113.16
2024-04-29_02.txt,www5.usp.br,14,163.253.2.33,111.95
2024-04-29_02.txt,www5.usp.br,15,198.71.45.189,121.45
2024-04-29_02.txt,www5.usp.br,16,170.39.8.47,225.49
2024-04-29_02.txt,www5.usp.br,17,200.136.16.225,225.33
2024-04-29_02.txt,www5.usp.br,18,143.107.23.33,225.73
2024-04-29_02.txt,www5.usp.br,19,143.107.151.62,226.5
2024-04-29_09.txt,www.fmprc.gov.cn,1,139.222.0.1,1.4
2024-04-29_09.txt,www.fmprc.gov.cn,2,10.0.0.1,8.37
2024-04-29_09.txt,www.fmprc.gov.cn,3,193.62.92.126,0.87
2024-04-29_09.txt,www.fmprc.gov.cn,4,10.11.2.2,0.98
2024-04-29_09.txt,www.fmprc.gov.cn,5,146.97.130.237,5.61
2024-04-29_09.txt,www.fmprc.gov.cn,6,146.97.35.217,5.8
2024-04-29_09.txt,www.fmprc.gov.cn,7,146.97.33.61,5.56
2024-04-29_09.txt,www.fmprc.gov.cn,8,146.97.35.194,5.5
2024-04-29_09.txt,www.fmprc.gov.cn,11,62.115.120.239,6.21
2024-04-29_09.txt,www.fmprc.gov.cn,12,62.115.161.119,6.61
2024-04-29_09.txt,www.gov.za,1,139.222.0.1,1.25
2024-04-29_09.txt,www.gov.za,2,10.0.0.1,26.19
2024-04-29_09.txt,www.gov.za,3,193.62.92.126,0.78
2024-04-29_09.txt,www.gov.za,4,10.11.2.2,1.08
2024-04-29_09.txt,www.gov.za,5,146.97.130.237,5.52
2024-04-29_09.txt,www.gov.za,6,146.97.35.217,5.67
2024-04-29_09.txt,www.gov.za,7,146.97.33.61,7.35
2024-04-29_09.txt,www.gov.za,8,146.97.35.194,5.53
2024-04-29_09.txt,www.gov.za,9,62.115.175.106,5.46
2024-04-29_09.txt,www.gov.za,10,62.115.138.168,6.97
2024-04-29_09.txt,www.gov.za,11,62.115.120.75,6.26
2024-04-29_09.txt,www.gov.za,15,168.209.1.201,183.76
2024-04-29_09.txt,www.gov.za,16,168.209.129.138,174.58
2024-04-29_09.txt,www.gov.za,17,168.209.90.3,174.49
2024-04-29_09.txt,www.gov.za,18,168.209.131.143,167.75
2024-04-29_09.txt,www.gov.za,19,197.97.72.54,171.14
2024-04-29_09.txt,www.gov.scot,1,139.222.0.1,1.23
2024-04-29_09.txt,www.gov.scot,2,10.0.0.1,6.64
2024-04-29_09.txt,www.gov.scot,3,193.62.92.126,0.68
2024-04-29_09.txt,www.gov.scot,4,10.11.2.2,0.91
2024-04-29_09.txt,www.gov.scot,5,146.97.130.237,5.69
2024-04-29_09.txt,www.gov.scot,6,146.97.35.217,5.75
2024-04-29_09.txt,www.gov.scot,7,146.97.35.182,6.64
2024-04-29_09.txt,www.gov.scot,8,99.82.180.146,6.51
2024-04-29_09.txt,www.gov.scot,10,178.236.3.5,47.8
2024-04-29_09.txt,www.gov.scot,12,52.94.35.135,8.49
2024-04-29_09.txt,www.gov.scot,18,143.204.194.39,7.39
2024-04-29_09.txt,www5.usp.br,1,139.222.0.1,1.18
2024-04-29_09.txt,www5.usp.br,2,10.0.0.1,10.01
2024-04-29_09.txt,www5.usp.br,3,193.62.92.126,0.72
2024-04-29_09.txt,www5.usp.br,4,10.11.2.2,1.44
2024-04-29_09.txt,www5.usp.br,5,146.97.130.237,5.52
2024-04-29_09.txt,www5.usp.br,6,146.97.35.217,5.76
2024-04-29_09.txt,www5.usp.br,7,146.97.33.5,6.4
2024-04-29_09.txt,www5.usp.br,8,146.97.33.1,6.8
2024-04-29_09.txt,www5.usp.br,9,62.40.124.197,6.92
2024-04-29_09.txt,www5.usp.br,10,62.40.124.45,92.64
2024-04-29_09.txt,www5.usp.br,11,163.253.1.120,112.69
2024-04-29_09.txt,www5.usp.br,12,163.253.1.135,111.41
2024-04-29_09.txt,www5.usp.br,13,163.253.1.104,111.4
2024-04-29_09.txt,www5.usp.br,14,163.253.2.33,112.31
2024-04-29_09.txt,www5.usp.br,15,198.71.45.189,121.38
2024-04-29_09.txt,www5.usp.br,16,170.39.8.47,225.28
2024-04-29_09.txt,www5.usp.br,17,200.136.16.225,225.19
2024-04-29_09.txt,www5.usp.br,18,143.107.23.33,225.75
2024-04-29_09.txt,www5.usp.br,19,143.107.151.62,226.82
2024-04-29_17.txt,www.fmprc.gov.cn,1,139.222.0.1,1.52
2024-04-29_17.txt,www.fmprc.gov.cn,2,10.0.0.1,6.86
2024-04-29_17.txt,www.fmprc.gov.cn,3,193.62.92.126,0.91
2024-04-29_17.txt,www.fmprc.gov.cn,4,10.11.2.2,1.24
2024-04-29_17.txt,www.fmprc.gov.cn,5,146.97.130.237,5.7
2024-04-29_17.txt,www.fmprc.gov.cn,6,146.97.35.217,6.09
2024-04-29_17.txt,www.fmprc.gov.cn,7,146.97.33.61,5.97
2024-04-29_17.txt,www.fmprc.gov.cn,8,146.97.35.194,5.82
2024-04-29_17.txt,www.fmprc.gov.cn,9,62.115.175.106,5.56
2024-04-29_17.txt,www.fmprc.gov.cn,10,62.115.138.168,6.89
2024-04-29_17.txt,www.fmprc.gov.cn,11,62.115.120.239,6.27
2024-04-29_17.txt,www.fmprc.gov.cn,12,62.115.161.119,6.79
2024-04-29_17.txt,www.gov.za,1,139.222.0.1,1.25
2024-04-29_17.txt,www.gov.za,2,10.0.0.1,6.8
2024-04-29_17.txt,www.gov.za,3,193.62.92.126,0.75
2024-04-29_17.txt,www.gov.za,4,10.11.2.2,1.59
2024-04-29_17.txt,www.gov.za,5,146.97.130.237,5.49
2024-04-29_17.txt,www.gov.za,6,146.97.35.217,5.83
2024-04-29_17.txt,www.gov.za,7,146.97.33.61,5.75
2024-04-29_17.txt,www.gov.za,8,146.97.35.194,5.66
2024-04-29_17.txt,www.gov.za,10,62.115.138.168,6.59
2024-04-29_17.txt,www.gov.za,11,62.115.120.75,6.06
2024-04-29_17.txt,www.gov.za,15,196.26.0.201,169.05
2024-04-29_17.txt,www.gov.za,16,168.209.129.138,168.05
2024-04-29_17.txt,www.gov.za,17,168.209.90.7,172.75
2024-04-29_17.txt,www.gov.za,18,168.209.131.135,168.51
2024-04-29_17.txt,www.gov.za,19,197.97.72.54,168.04
2024-04-29_17.txt,www.gov.scot,1,139.222.0.1,3.75
2024-04-29_17.txt,www.gov.scot,2,10.0.0.1,7.61
2024-04-29_17.txt,www.gov.scot,3,193.62.92.126,3.43
2024-04-29_17.txt,www.gov.scot,4,10.11.2.2,3.27
2024-04-29_17.txt,www.gov.scot,5,146.97.130.237,6.82
2024-04-29_17.txt,www.gov.scot,6,146.97.35.217,6.55
2024-04-29_17.txt,www.gov.scot,7,146.97.35.182,7.14
2024-04-29_17.txt,www.gov.scot,8,99.82.180.146,7.04
2024-04-29_17.txt,www.gov.scot,12,52.94.35.133,7.66
2024-04-29_17.txt,www.gov.scot,18,143.204.194.39,7.35
2024-04-29_17.txt,www5.usp.br,1,139.222.0.1,1.35
2024-04-29_17.txt,www5.usp.br,3,193.62.92.126,0.82
2024-04-29_17.txt,www5.usp.br,4,10.11.2.2,1.44
2024-04-29_17.txt,www5.usp.br,5,146.97.130.237,5.7
2024-04-29_17.txt,www5.usp.br,6,146.97.35.217,5.75
2024-04-29_17.txt,www5.usp.br,7,146.97.33.5,6.25
2024-04-29_17.txt,www5.usp.br,8,146.97.33.1,7.59
2024-04-29_17.txt,www5.usp.br,9,62.40.124.197,6.71
2024-04-29_17.txt,www5.usp.br,10,62.40.124.45,92.61
2024-04-29_17.txt,www5.usp.br,11,163.253.1.120,111.68
2024-04-29_17.txt,www5.usp.br,12,163.253.1.135,113.15
2024-04-29_17.txt,www5.usp.br,13,163.253.1.104,111.13
2024-04-29_17.txt,www5.usp.br,14,163.253.2.33,111.54
2024-04-29_17.txt,www5.usp.br,15,198.71.45.189,123.26
2024-04-29_17.txt,www5.usp.br,16,170.39.8.47,225.33
2024-04-29_17.txt,www5.usp.br,17,200.136.16.225,225.41
2024-04-29_17.txt,www5.usp.br,18,143.107.23.33,225.92
2024-04-29_17.txt,www5.usp.br,19,143.107.151.62,226.4
2024-04-29_23.txt,www.fmprc.gov.cn,1,139.222.0.1,1.43
2024-04-29_23.txt,www.fmprc.gov.cn,2,10.0.0.1,6.64
2024-04-29_23.txt,www.fmprc.gov.cn,3,193.62.92.126,0.71
2024-04-29_23.txt,www.fmprc.gov.cn,4,10.11.2.2,0.92
2024-04-29_23.txt,www.fmprc.gov.cn,5,146.97.130.237,5.51
2024-04-29_23.txt,www.fmprc.gov.cn,6,146.97.35.217,5.51
2024-04-29_23.txt,www.fmprc.gov.cn,7,146.97.33.61,6.61
2024-04-29_23.txt,www.fmprc.gov.cn,8,146.97.35.194,5.66
2024-04-29_23.txt,www.fmprc.gov.cn,9,62.115.175.106,5.5
2024-04-29_23.txt,www.fmprc.gov.cn,10,62.115.138.168,6.75
2024-04-29_23.txt,www.fmprc.gov.cn,11,62.115.120.239,6.44
2024-04-29_23.txt,www.fmprc.gov.cn,12,62.115.161.119,6.89
2024-04-29_23.txt,www.gov.za,1,139.222.0.1,1.14
2024-04-29_23.txt,www.gov.za,2,10.0.0.1,10.58
2024-04-29_23.txt,www.gov.za,3,193.62.92.126,0.77
2024-04-29_23.txt,www.gov.za,4,10.11.2.2,1.0
2024-04-29_23.txt,www.gov.za,5,146.97.130.237,5.58
2024-04-29_23.txt,www.gov.za,6,146.97.35.217,5.7
2024-04-29_23.txt,www.gov.za,7,146.97.33.61,6.36
2024-04-29_23.txt,www.gov.za,8,146.97.35.194,5.61
2024-04-29_23.txt,www.gov.za,9,62.115.175.106,5.79
2024-04-29_23.txt,www.gov.za,10,62.115.138.168,7.41
2024-04-29_23.txt,www.gov.za,11,62.115.120.75,6.18
2024-04-29_23.txt,www.gov.za,15,196.26.0.200,168.36
2024-04-29_23.txt,www.gov.za,16,168.209.129.138,168.37
2024-04-29_23.txt,www.gov.za,17,168.209.90.7,172.42
2024-04-29_23.txt,www.gov.za,18,168.209.131.135,174.05
2024-04-29_23.txt,www.gov.za,19,197.97.72.54,171.65
2024-04-29_23.txt,www.gov.scot,1,139.222.0.1,1.54
2024-04-29_23.txt,www.gov.scot,2,10.0.0.1,6.68
2024-04-29_23.txt,www.gov.scot,3,193.62.92.126,0.9
2024-04-29_23.txt,www.gov.scot,4,10.11.2.2,0.96
2024-04-29_23.txt,www.gov.scot,5,146.97.130.237,18.04
2024-04-29_23.txt,www.gov.scot,6,146.97.35.217,12.09
2024-04-29_23.txt,www.gov.scot,7,146.97.35.182,6.67
2024-04-29_23.txt,www.gov.scot,8,99.82.180.146,7.04
2024-04-29_23.txt,www.gov.scot,10,176.32.106.39,7.87
2024-04-29_23.txt,www.gov.scot,12,52.94.35.135,8.14
2024-04-29_23.txt,www.gov.scot,18,143.204.194.39,7.67
2024-04-29_23.txt,www5.usp.br,1,139.222.0.1,1.69
2024-04-29_23.txt,www5.usp.br,2,10.0.0.1,7.11
2024-04-29_23.txt,www5.usp.br,3,193.62.92.126,1.07
2024-04-29_23.txt,www5.usp.br,4,10.11.2.2,1.14
2024-04-29_23.txt,www5.usp.br,5,146.97.130.237,5.81
2024-04-29_23.txt,www5.usp.br,6,146.97.35.217,6.14
2024-04-29_23.txt,www5.usp.br,7,146.97.33.5,11.16
2024-04-29_23.txt,www5.usp.br,8,146.97.33.1,10.94
2024-04-29_23.txt,www5.usp.br,9,62.40.124.197,9.79
2024-04-29_23.txt,www5.usp.br,10,62.40.124.45,92.47
2024-04-29_23.txt,www5.usp.br,11,163.253.1.120,111.71
2024-04-29_23.txt,www5.usp.br,12,163.253.1.135,110.78
2024-04-29_23.txt,www5.usp.br,13,163.253.1.104,113.11
2024-04-29_23.txt,www5.usp.br,14,163.253.2.33,110.96
2024-04-29_23.txt,www5.usp.br,15,198.71.45.189,121.81
2024-04-29_23.txt,www5.usp.br,16,170.39.8.47,225.92
2024-04-29_23.txt,www5.usp.br,17,200.136.16.225,226.68
2024-04-29_23.txt,www5.usp.br,18,143.107.23.33,227.14
2024-04-29_23.txt,www5.usp.br,19,143.107.0.121,227.29
2024-04-29_23.txt,www5.usp.br,20,143.107.0.217,227.87
2024-04-29_23.txt,www5.usp.br,21,143.107.254.3,246.7
2024-04-30_02.txt,www.fmprc.gov.cn,1,139.222.0.1,5.33
2024-04-30_02.txt,www.fmprc.gov.cn,2,10.0.0.1,7.39
2024-04-30_02.txt,www.fmprc.gov.cn,3,193.62.92.126,0.98
2024-04-30_02.txt,www.fmprc.gov.cn,4,10.11.2.2,1.23
2024-04-30_02.txt,www.fmprc.gov.cn,5,146.97.130.237,36.85
2024-04-30_02.txt,www.fmprc.gov.cn,6,146.97.35.217,6.41
2024-04-30_02.txt,www.fmprc.gov.cn,7,146.97.33.61,6.07
2024-04-30_02.txt,www.fmprc.gov.cn,8,146.97.35.194,6.02
2024-04-30_02.txt,www.fmprc.gov.cn,11,62.115.122.189,6.45
2024-04-30_02.txt,www.fmprc.gov.cn,12,62.115.161.119,6.66
2024-04-30_02.txt,www.gov.za,1,139.222.0.1,1.14
2024-04-30_02.txt,www.gov.za,3,193.62.92.126,0.9
2024-04-30_02.txt,www.gov.za,4,10.11.2.2,0.97
2024-04-30_02.txt,www.gov.za,5,146.97.130.237,5.69
2024-04-30_02.txt,www.gov.za,6,146.97.35.217,10.06
2024-04-30_02.txt,www.gov.za,7,146.97.33.61,7.28
2024-04-30_02.txt,www.gov.za,8,146.97.35.194,5.72
2024-04-30_02.txt,www.gov.za,10,62.115.138.168,6.79
2024-04-30_02.txt,www.gov.za,11,62.115.120.75,6.35
2024-04-30_02.txt,www.gov.za,15,168.209.1.200,172.39
2024-04-30_02.txt,www.gov.za,16,168.209.129.136,173.63
2024-04-30_02.txt,www.gov.za,17,168.209.90.7,167.34
2024-04-30_02.txt,www.gov.za,18,168.209.131.143,168.62
2024-04-30_02.txt,www.gov.za,19,197.97.72.54,173.45
2024-04-30_02.txt,www.gov.scot,1,139.222.0.1,11.19
2024-04-30_02.txt,www.gov.scot,2,10.0.0.1,6.64
2024-04-30_02.txt,www.gov.scot,3,193.62.92.126,0.76
2024-04-30_02.txt,www.gov.scot,4,10.11.2.2,0.87
2024-04-30_02.txt,www.gov.scot,5,146.97.130.237,5.41
2024-04-30_02.txt,www.gov.scot,6,146.97.35.217,5.65
2024-04-30_02.txt,www.gov.scot,7,146.97.35.182,6.39
2024-04-30_02.txt,www.gov.scot,8,99.82.180.146,6.92
2024-04-30_02.txt,www.gov.scot,10,176.32.106.39,7.85
2024-04-30_02.txt,www.gov.scot,12,52.94.35.139,10.69
2024-04-30_02.txt,www.gov.scot,18,143.204.194.66,7.6
2024-04-30_02.txt,www5.usp.br,1,139.222.0.1,1.56
2024-04-30_02.txt,www5.usp.br,2,10.0.0.1,7.04
2024-04-30_02.txt,www5.usp.br,3,193.62.92.126,1.02
2024-04-30_02.txt,www5.usp.br,4,10.11.2.2,1.14
2024-04-30_02.txt,www5.usp.br,5,146.97.130.237,6.35
2024-04-30_02.txt,www5.usp.br,6,146.97.35.217,5.69
2024-04-30_02.txt,www5.usp.br,7,146.97.33.5,7.92
2024-04-30_02.txt,www5.usp.br,8,146.97.33.1,6.83
2024-04-30_02.txt,www5.usp.br,9,62.40.124.197,6.83
2024-04-30_02.txt,www5.usp.br,10,62.40.124.45,91.77
2024-04-30_02.txt,www5.usp.br,11,163.253.1.120,112.2
2024-04-30_02.txt,www5.usp.br,12,163.253.1.135,111.31
2024-04-30_02.txt,www5.usp.br,13,163.253.1.104,110.84
2024-04-30_02.txt,www5.usp.br,14,163.253.2.33,111.7
2024-04-30_02.txt,www5.usp.br,15,198.71.45.189,121.37
2024-04-30_02.txt,www5.usp.br,16,170.39.8.47,225.39
2024-04-30_02.txt,www5.usp.br,17,200.136.16.225,225.39
2024-04-30_02.txt,www5.usp.br,18,143.107.23.33,228.21
2024-04-30_02.txt,www5.usp.br,19,143.107.0.121,226.24
2024-04-30_02.txt,www5.usp.br,20,143.107.0.217,227.51
2024-04-30_02.txt,www5.usp.br,21,143.107.254.3,227.6
2024-04-30_09.txt,www.fmprc.gov.cn,1,139.222.0.1,3.8
2024-04-30_09.txt,www.fmprc.gov.cn,2,10.0.0.1,7.17
2024-04-30_09.txt,www.fmprc.gov.cn,3,193.62.92.126,4.78
2024-04-30_09.txt,www.fmprc.gov.cn,4,10.11.2.2,4.6
2024-04-30_09.txt,www.fmprc.gov.cn,5,146.97.130.237,5.64
2024-04-30_09.txt,www.fmprc.gov.cn,6,146.97.35.217,5.55
2024-04-30_09.txt,www.fmprc.gov.cn,7,146.97.33.61,5.85
2024-04-30_09.txt,www.fmprc.gov.cn,8,146.97.35.194,5.62
2024-04-30_09.txt,www.fmprc.gov.cn,10,62.115.138.168,7.24
2024-04-30_09.txt,www.fmprc.gov.cn,11,62.115.122.189,6.13
2024-04-30_09.txt,www.fmprc.gov.cn,12,62.115.161.119,6.69
2024-04-30_09.txt,www.gov.za,1,139.222.0.1,1.25
2024-04-30_09.txt,www.gov.za,2,10.0.0.1,7.11
2024-04-30_09.txt,www.gov.za,3,193.62.92.126,0.97
2024-04-30_09.txt,www.gov.za,4,10.11.2.2,1.18
2024-04-30_09.txt,www.gov.za,5,146.97.130.237,5.61
2024-04-30_09.txt,www.gov.za,6,146.97.35.217,11.31
2024-04-30_09.txt,www.gov.za,7,146.97.33.61,5.93
2024-04-30_09.txt,www.gov.za,8,146.97.35.194,5.7
2024-04-30_09.txt,www.gov.za,10,62.115.138.168,8.68
2024-04-30_09.txt,www.gov.za,11,62.115.122.181,6.55
2024-04-30_09.txt,www.gov.za,15,168.209.1.201,168.61
2024-04-30_09.txt,www.gov.za,16,168.209.129.136,173.67
2024-04-30_09.txt,www.gov.za,17,168.209.90.7,168.88
2024-04-30_09.txt,www.gov.za,18,168.209.131.143,173.97
2024-04-30_09.txt,www.gov.za,19,197.97.72.54,172.17
2024-04-30_09.txt,www.gov.scot,1,139.222.0.1,1.13
2024-04-30_09.txt,www.gov.scot,2,10.0.0.1,9.52
2024-04-30_09.txt,www.gov.scot,3,193.62.92.126,0.7
2024-04-30_09.txt,www.gov.scot,4,10.11.2.2,1.24
2024-04-30_09.txt,www.gov.scot,5,146.97.130.237,5.64
2024-04-30_09.txt,www.gov.scot,6,146.97.35.217,5.87
2024-04-30_09.txt,www.gov.scot,7,146.97.35.182,6.94
2024-04-30_09.txt,www.gov.scot,8,99.82.180.146,18.34
2024-04-30_09.txt,www.gov.scot,12,52.94.35.133,7.89
2024-04-30_09.txt,www.gov.scot,18,143.204.194.66,7.43
2024-04-30_09.txt,www5.usp.br,1,139.222.0.1,1.16
2024-04-30_09.txt,www5.usp.br,2,10.0.0.1,11.91
2024-04-30_09.txt,www5.usp.br,3,193.62.92.126,1.06
2024-04-30_09.txt,www5.usp.br,4,10.11.2.2,1.11
2024-04-30_09.txt,www5.usp.br,5,146.97.130.237,5.73
2024-04-30_09.txt,www5.usp.br,6,146.97.35.217,5.96
2024-04-30_09.txt,www5.usp.br,7,146.97.33.5,15.49
2024-04-30_09.txt,www5.usp.br,8,146.97.33.1,6.7
2024-04-30_09.txt,www5.usp.br,9,62.40.124.197,6.8
2024-04-30_09.txt,www5.usp.br,10,62.40.124.45,92.26
2024-04-30_09.txt,www5.usp.br,11,163.253.1.120,111.57
2024-04-30_09.txt,www5.usp.br,12,163.253.1.135,113.16
2024-04-30_09.txt,www5.usp.br,13,163.253.1.102,111.68
2024-04-30_09.txt,www5.usp.br,14,163.253.2.33,113.0
2024-04-30_09.txt,www5.usp.br,15,198.71.45.189,121.66
2024-04-30_09.txt,www5.usp.br,16,170.39.8.47,225.7
2024-04-30_09.txt,www5.usp.br,17,200.136.16.225,225.84
2024-04-30_09.txt,www5.usp.br,18,143.107.23.33,226.1
2024-04-30_09.txt,www5.usp.br,19,143.107.0.121,226.67
2024-04-30_09.txt,www5.usp.br,20,143.107.0.217,226.84
2024-04-30_09.txt,www5.usp.br,21,143.107.254.3,227.51
2024-04-30_17.txt,www.fmprc.gov.cn,1,139.222.0.1,1.47
2024-04-30_17.txt,www.fmprc.gov.cn,2,10.0.0.1,7.27
2024-04-30_17.txt,www.fmprc.gov.cn,3,193.62.92.126,0.83
2024-04-30_17.txt,www.fmprc.gov.cn,4,10.11.2.2,0.99
2024-04-30_17.txt,www.fmprc.gov.cn,5,146.97.130.237,5.55
2024-04-30_17.txt,www.fmprc.gov.cn,6,146.97.35.217,5.98
2024-04-30_17.txt,www.fmprc.gov.cn,7,146.97.33.61,5.54
2024-04-30_17.txt,www.fmprc.gov.cn,8,146.97.35.194,6.15
2024-04-30_17.txt,www.fmprc.gov.cn,10,62.115.136.140,6.71
2024-04-30_17.txt,www.fmprc.gov.cn,11,62.115.120.239,6.2
2024-04-30_17.txt,www.fmprc.gov.cn,12,62.115.161.119,6.36
2024-04-30_17.txt,www.gov.za,1,139.222.0.1,1.24
2024-04-30_17.txt,www.gov.za,2,10.0.0.1,7.08
2024-04-30_17.txt,www.gov.za,3,193.62.92.126,0.77
2024-04-30_17.txt,www.gov.za,4,10.11.2.2,0.91
2024-04-30_17.txt,www.gov.za,5,146.97.130.237,5.41
2024-04-30_17.txt,www.gov.za,6,146.97.35.217,7.87
2024-04-30_17.txt,www.gov.za,7,146.97.33.61,5.96
2024-04-30_17.txt,www.gov.za,8,146.97.35.194,5.63
2024-04-30_17.txt,www.gov.za,9,62.115.175.106,5.55
2024-04-30_17.txt,www.gov.za,10,62.115.138.168,7.73
2024-04-30_17.txt,www.gov.za,11,62.115.122.181,6.49
2024-04-30_17.txt,www.gov.za,15,168.209.1.201,173.43
2024-04-30_17.txt,www.gov.za,16,168.209.129.138,168.51
2024-04-30_17.txt,www.gov.za,17,168.209.90.3,173.67
2024-04-30_17.txt,www.gov.za,18,168.209.131.143,174.76
2024-04-30_17.txt,www.gov.za,19,197.97.72.54,171.96
2024-04-30_17.txt,www.gov.scot,1,139.222.0.1,1.0
2024-04-30_17.txt,www.gov.scot,2,10.0.0.1,8.58
2024-04-30_17.txt,www.gov.scot,3,193.62.92.126,0.74
2024-04-30_17.txt,www.gov.scot,4,10.11.2.2,1.13
2024-04-30_17.txt,www.gov.scot,5,146.97.130.237,5.58
2024-04-30_17.txt,www.gov.scot,6,146.97.35.217,5.61
2024-04-30_17.txt,www.gov.scot,7,146.97.35.182,6.42
2024-04-30_17.txt,www.gov.scot,8,99.82.180.146,6.88
2024-04-30_17.txt,www.gov.scot,12,52.94.35.133,8.72
2024-04-30_17.txt,www.gov.scot,18,143.204.194.2,7.35
2024-04-30_17.txt,www5.usp.br,1,139.222.0.1,1.71
2024-04-30_17.txt,www5.usp.br,2,10.0.0.1,6.97
2024-04-30_17.txt,www5.usp.br,3,193.62.92.126,0.87
2024-04-30_17.txt,www5.usp.br,4,10.11.2.2,1.06
2024-04-30_17.txt,www5.usp.br,5,146.97.130.237,5.95
2024-04-30_17.txt,www5.usp.br,6,146.97.35.217,5.64
2024-04-30_17.txt,www5.usp.br,7,146.97.33.5,7.38
2024-04-30_17.txt,www5.usp.br,8,146.97.33.1,6.8
2024-04-30_17.txt,www5.usp.br,9,62.40.124.197,6.92
2024-04-30_17.txt,www5.usp.br,10,62.40.124.45,92.17
2024-04-30_17.txt,www5.usp.br,11,163.253.1.120,111.44
2024-04-30_17.txt,www5.usp.br,12,163.253.1.135,111.5
2024-04-30_17.txt,www5.usp.br,13,163.253.1.102,111.48
2024-04-30_17.txt,www5.usp.br,14,163.253.2.33,110.77
2024-04-30_17.txt,www5.usp.br,15,198.71.45.189,121.4
2024-04-30_17.txt,www5.usp.br,16,170.39.8.47,225.57
2024-04-30_17.txt,www5.usp.br,17,200.136.16.225,225.46
2024-04-30_17.txt,www5.usp.br,18,143.107.23.33,225.81
2024-04-30_17.txt,www5.usp.br,19,143.107.0.121,226.29
2024-04-30_17.txt,www5.usp.br,20,143.107.0.217,226.7
2024-04-30_17.txt,www5.usp.br,21,143.107.254.3,226.52
2024-04-30_23.txt,www.fmprc.gov.cn,1,139.222.0.1,1.47
2024-04-30_23.txt,www.fmprc.gov.cn,2,10.0.0.1,8.45
2024-04-30_23.txt,www.fmprc.gov.cn,3,193.62.92.126,0.72
2024-04-30_23.txt,www.fmprc.gov.cn,4,10.11.2.2,1.07
2024-04-30_23.txt,www.fmprc.gov.cn,5,146.97.130.237,5.58
2024-04-30_23.txt,www.fmprc.gov.cn,6,146.97.35.217,5.58
2024-04-30_23.txt,www.fmprc.gov.cn,7,146.97.33.61,5.59
2024-04-30_23.txt,www.fmprc.gov.cn,8,146.97.35.194,5.93
2024-04-30_23.txt,www.fmprc.gov.cn,9,62.115.175.106,5.87
2024-04-30_23.txt,www.fmprc.gov.cn,10,62.115.138.168,7.72
2024-04-30_23.txt,www.fmprc.gov.cn,12,62.115.161.119,6.37
2024-04-30_23.txt,www.gov.za,1,139.222.0.1,57.45
2024-04-30_23.txt,www.gov.za,2,10.0.0.1,20.39
2024-04-30_23.txt,www.gov.za,3,193.62.92.126,0.76
2024-04-30_23.txt,www.gov.za,4,10.11.2.2,0.91
2024-04-30_23.txt,www.gov.za,5,146.97.130.237,5.6
2024-04-30_23.txt,www.gov.za,6,146.97.35.217,5.68
2024-04-30_23.txt,www.gov.za,7,146.97.33.61,5.72
2024-04-30_23.txt,www.gov.za,8,146.97.35.194,5.77
2024-04-30_23.txt,www.gov.za,9,62.115.175.106,5.74
2024-04-30_23.txt,www.gov.za,10,62.115.136.140,6.42
2024-04-30_23.txt,www.gov.za,11,62.115.120.75,6.33
2024-04-30_23.txt,www.gov.za,15,168.209.1.201,168.67
2024-04-30_23.txt,www.gov.za,16,168.209.129.138,173.51
2024-04-30_23.txt,www.gov.za,17,168.209.90.7,167.11
2024-04-30_23.txt,www.gov.za,18,168.209.131.143,174.79
2024-04-30_23.txt,www.gov.za,19,197.97.72.54,169.78
2024-04-30_23.txt,www.gov.scot,1,139.222.0.1,1.17
2024-04-30_23.txt,www.gov.scot,2,10.0.0.1,21.83
2024-04-30_23.txt,www.gov.scot,3,193.62.92.126,0.89
2024-04-30_23.txt,www.gov.scot,4,10.11.2.2,0.99
2024-04-30_23.txt,www.gov.scot,5,146.97.130.237,6.2
2024-04-30_23.txt,www.gov.scot,6,146.97.35.217,6.01
2024-04-30_23.txt,www.gov.scot,7,146.97.35.182,6.72
2024-04-30_23.txt,www.gov.scot,8,99.82.180.146,6.47
2024-04-30_23.txt,www.gov.scot,10,176.32.106.39,12.15
2024-04-30_23.txt,www.gov.scot,12,52.94.35.131,12.25
2024-04-30_23.txt,www.gov.scot,18,143.204.194.39,7.36
2024-04-30_23.txt,www5.usp.br,1,139.222.0.1,2.49
2024-04-30_23.txt,www5.usp.br,3,193.62.92.126,1.02
2024-04-30_23.txt,www5.usp.br,4,10.11.2.2,1.02
2024-04-30_23.txt,www5.usp.br,5,146.97.130.237,6.21
2024-04-30_23.txt,www5.usp.br,6,146.97.35.217,6.03
2024-04-30_23.txt,www5.usp.br,7,146.97.33.5,6.17
2024-04-30_23.txt,www5.usp.br,8,146.97.33.1,7.23
2024-04-30_23.txt,www5.usp.br,9,62.40.124.197,12.18
2024-04-30_23.txt,www5.usp.br,10,62.40.124.45,93.18
2024-04-30_23.txt,www5.usp.br,11,163.253.1.120,111.15
2024-04-30_23.txt,www5.usp.br,12,163.253.1.135,112.09
2024-04-30_23.txt,www5.usp.br,13,163.253.1.104,111.63
2024-04-30_23.txt,www5.usp.br,14,163.253.2.33,112.03
2024-04-30_23.txt,www5.usp.br,15,198.71.45.189,121.56
2024-04-30_23.txt,www5.usp.br,16,170.39.8.47,225.37
2024-04-30_23.txt,www5.usp.br,17,200.136.16.225,225.26
2024-04-30_23.txt,www5.usp.br,18,143.107.23.33,225.6
2024-04-30_23.txt,www5.usp.br,19,143.107.0.121,226.31
2024-04-30_23.txt,www5.usp.br,20,143.107.0.217,226.65
2024-04-30_23.txt,www5.usp.br,21,143.107.254.3,226.51
2024-05-01_02.txt,www.fmprc.gov.cn,1,139.222.0.1,1.33
2024-05-01_02.txt,www.fmprc.gov.cn,2,10.0.0.1,7.41
2024-05-01_02.txt,www.fmprc.gov.cn,3,193.62.92.126,0.75
2024-05-01_02.txt,www.fmprc.gov.cn,4,10.11.2.2,0.92
2024-05-01_02.txt,www.fmprc.gov.cn,5,146.97.130.237,5.43
2024-05-01_02.txt,www.fmprc.gov.cn,6,146.97.35.217,5.71
2024-05-01_02.txt,www.fmprc.gov.cn,7,146.97.33.61,7.68
2024-05-01_02.txt,www.fmprc.gov.cn,8,146.97.35.194,5.54
2024-05-01_02.txt,www.fmprc.gov.cn,9,62.115.175.106,5.63
2024-05-01_02.txt,www.fmprc.gov.cn,10,62.115.138.168,6.7
2024-05-01_02.txt,www.fmprc.gov.cn,11,62.115.122.189,6.19
2024-05-01_02.txt,www.fmprc.gov.cn,12,62.115.161.119,6.48
2024-05-01_02.txt,www.gov.za,1,139.222.0.1,1.43
2024-05-01_02.txt,www.gov.za,2,10.0.0.1,6.98
2024-05-01_02.txt,www.gov.za,3,193.62.92.126,0.95
2024-05-01_02.txt,www.gov.za,4,10.11.2.2,1.05
2024-05-01_02.txt,www.gov.za,5,146.97.130.237,5.76
2024-05-01_02.txt,www.gov.za,6,146.97.35.217,5.75
2024-05-01_02.txt,www.gov.za,7,146.97.33.61,5.53
2024-05-01_02.txt,www.gov.za,8,146.97.35.194,5.57
2024-05-01_02.txt,www.gov.za,9,62.115.175.106,5.92
2024-05-01_02.txt,www.gov.za,10,62.115.138.168,6.96
2024-05-01_02.txt,www.gov.za,11,62.115.120.75,5.98
2024-05-01_02.txt,www.gov.za,15,196.26.0.201,172.01
2024-05-01_02.txt,www.gov.za,16,168.209.129.138,173.7
2024-05-01_02.txt,www.gov.za,17,168.209.90.7,169.83
2024-05-01_02.txt,www.gov.za,18,168.209.131.135,174.15
2024-05-01_02.txt,www.gov.za,19,197.97.72.54,169.78
2024-05-01_02.txt,www.gov.scot,1,139.222.0.1,1.25
2024-05-01_02.txt,www.gov.scot,2,10.0.0.1,18.77
2024-05-01_02.txt,www.gov.scot,3,193.62.92.126,0.79
2024-05-01_02.txt,www.gov.scot,4,10.11.2.2,2.93
2024-05-01_02.txt,www.gov.scot,5,146.97.130.237,5.77
2024-05-01_02.txt,www.gov.scot,6,146.97.35.217,5.93
2024-05-01_02.txt,www.gov.scot,7,146.97.35.182,6.41
2024-05-01_02.txt,www.gov.scot,8,99.82.180.146,6.74
2024-05-01_02.txt,www.gov.scot,10,178.236.3.5,7.75
2024-05-01_02.txt,www.gov.scot,12,52.94.35.141,7.64
2024-05-01_02.txt,www.gov.scot,18,143.204.194.2,7.42
2024-05-01_02.txt,www5.usp.br,1,139.222.0.1,1.52
2024-05-01_02.txt,www5.usp.br,2,10.0.0.1,7.1
2024-05-01_02.txt,www5.usp.br,3,193.62.92.126,1.15
2024-05-01_02.txt,www5.usp.br,4,10.11.2.2,1.21
2024-05-01_02.txt,www5.usp.br,5,146.97.130.237,5.94
2024-05-01_02.txt,www5.usp.br,6,146.97.35.217,10.01
2024-05-01_02.txt,www5.usp.br,7,146.97.33.5,6.29
2024-05-01_02.txt,www5.usp.br,8,146.97.33.1,6.62
2024-05-01_02.txt,www5.usp.br,9,62.40.124.197,6.9
2024-05-01_02.txt,www5.usp.br,10,62.40.124.45,91.71
2024-05-01_02.txt,www5.usp.br,11,163.253.1.120,111.44
2024-05-01_02.txt,www5.usp.br,12,163.253.1.135,111.34
2024-05-01_02.txt,www5.usp.br,13,163.253.1.104,111.11
2024-05-01_02.txt,www5.usp.br,14,163.253.2.33,111.51
2024-05-01_02.txt,www5.usp.br,15,198.71.45.189,121.69
2024-05-01_02.txt,www5.usp.br,16,170.39.8.47,225.38
2024-05-01_02.txt,www5.usp.br,17,200.136.16.225,225.86
2024-05-01_02.txt,www5.usp.br,18,143.107.23.33,227.27
2024-05-01_02.txt,www5.usp.br,19,143.107.151.62,226.68
2024-05-01_09.txt,www.fmprc.gov.cn,1,139.222.0.1,4.52
2024-05-01_09.txt,www.fmprc.gov.cn,2,10.0.0.1,10.98
2024-05-01_09.txt,www.fmprc.gov.cn,3,193.62.92.126,4.71
2024-05-01_09.txt,www.fmprc.gov.cn,4,10.11.2.2,4.82
2024-05-01_09.txt,www.fmprc.gov.cn,5,146.97.130.237,9.41
2024-05-01_09.txt,www.fmprc.gov.cn,6,146.97.35.217,7.1
2024-05-01_09.txt,www.fmprc.gov.cn,7,146.97.33.61,6.17
2024-05-01_09.txt,www.fmprc.gov.cn,8,146.97.35.194,5.49
2024-05-01_09.txt,www.fmprc.gov.cn,10,62.115.136.140,6.09
2024-05-01_09.txt,www.fmprc.gov.cn,11,62.115.122.189,5.95
2024-05-01_09.txt,www.fmprc.gov.cn,12,62.115.161.119,6.42
2024-05-01_09.txt,www.gov.za,1,139.222.0.1,4.04
2024-05-01_09.txt,www.gov.za,2,10.0.0.1,8.71
2024-05-01_09.txt,www.gov.za,3,193.62.92.126,2.45
2024-05-01_09.txt,www.gov.za,4,10.11.2.2,2.28
2024-05-01_09.txt,www.gov.za,5,146.97.130.237,7.04
2024-05-01_09.txt,www.gov.za,6,146.97.35.217,9.62
2024-05-01_09.txt,www.gov.za,7,146.97.33.61,6.4
2024-05-01_09.txt,www.gov.za,8,146.97.35.194,5.48
2024-05-01_09.txt,www.gov.za,9,62.115.175.106,5.87
2024-05-01_09.txt,www.gov.za,10,62.115.136.140,6.4
2024-05-01_09.txt,www.gov.za,11,62.115.122.181,6.36
2024-05-01_09.txt,www.gov.za,15,168.209.1.201,168.18
2024-05-01_09.txt,www.gov.za,16,168.209.129.136,173.65
2024-05-01_09.txt,www.gov.za,17,168.209.90.3,173.9
2024-05-01_09.txt,www.gov.za,18,168.209.131.135,171.99
2024-05-01_09.txt,www.gov.za,19,197.97.72.54,168.09
2024-05-01_09.txt,www.gov.scot,1,139.222.0.1,1.05
2024-05-01_09.txt,www.gov.scot,2,10.0.0.1,8.84
2024-05-01_09.txt,www.gov.scot,3,193.62.92.126,7.69
2024-05-01_09.txt,www.gov.scot,4,10.11.2.2,7.23
2024-05-01_09.txt,www.gov.scot,5,146.97.130.237,7.0
2024-05-01_09.txt,www.gov.scot,6,146.97.35.217,31.05
2024-05-01_09.txt,www.gov.scot,7,146.97.35.182,7.1
2024-05-01_09.txt,www.gov.scot,8,99.82.180.146,19.62
2024-05-01_09.txt,www.gov.scot,12,52.94.35.131,7.56
2024-05-01_09.txt,www.gov.scot,18,143.204.194.39,7.42
2024-05-01_09.txt,www5.usp.br,1,139.222.0.1,1.56
2024-05-01_09.txt,www5.usp.br,2,10.0.0.1,7.08
2024-05-01_09.txt,www5.usp.br,3,193.62.92.126,0.93
2024-05-01_09.txt,www5.usp.br,4,10.11.2.2,1.19
2024-05-01_09.txt,www5.usp.br,5,146.97.130.237,15.01
2024-05-01_09.txt,www5.usp.br,6,146.97.35.217,5.88
2024-05-01_09.txt,www5.usp.br,7,146.97.33.5,20.66
2024-05-01_09.txt,www5.usp.br,8,146.97.33.1,7.03
2024-05-01_09.txt,www5.usp.br,9,62.40.124.197,7.01
2024-05-01_09.txt,www5.usp.br,10,62.40.124.45,91.86
2024-05-01_09.txt,www5.usp.br,11,163.253.1.120,112.36
2024-05-01_09.txt,www5.usp.br,12,163.253.1.135,112.15
2024-05-01_09.txt,www5.usp.br,13,163.253.1.100,110.7
2024-05-01_09.txt,www5.usp.br,14,163.253.2.33,112.73
2024-05-01_09.txt,www5.usp.br,15,198.71.45.189,121.68
2024-05-01_09.txt,www5.usp.br,16,170.39.8.47,225.43
2024-05-01_09.txt,www5.usp.br,17,200.136.16.225,225.15
2024-05-01_09.txt,www5.usp.br,18,143.107.23.33,225.7
2024-05-01_09.txt,www5.usp.br,19,143.107.151.62,226.62
2024-05-01_17.txt,www.fmprc.gov.cn,1,139.222.0.1,1.24
2024-05-01_17.txt,www.fmprc.gov.cn,2,10.0.0.1,7.77
2024-05-01_17.txt,www.fmprc.gov.cn,3,193.62.92.126,0.69
2024-05-01_17.txt,www.fmprc.gov.cn,4,10.11.2.2,0.87
2024-05-01_17.txt,www.fmprc.gov.cn,5,146.97.130.237,5.58
2024-05-01_17.txt,www.fmprc.gov.cn,6,146.97.35.217,5.47
2024-05-01_17.txt,www.fmprc.gov.cn,7,146.97.33.61,5.83
2024-05-01_17.txt,www.fmprc.gov.cn,8,146.97.35.194,5.61
2024-05-01_17.txt,www.fmprc.gov.cn,10,62.115.138.168,6.83
2024-05-01_17.txt,www.fmprc.gov.cn,11,62.115.120.239,6.17
2024-05-01_17.txt,www.fmprc.gov.cn,12,62.115.161.119,6.58
2024-05-01_17.txt,www.gov.za,1,139.222.0.1,7.34
2024-05-01_17.txt,www.gov.za,2,10.0.0.1,8.44
2024-05-01_17.txt,www.gov.za,3,193.62.92.126,0.97
2024-05-01_17.txt,www.gov.za,4,10.11.2.2,1.0
2024-05-01_17.txt,www.gov.za,5,146.97.130.237,5.72
2024-05-01_17.txt,www.gov.za,6,146.97.35.217,5.51
2024-05-01_17.txt,www.gov.za,7,146.97.33.61,5.57
2024-05-01_17.txt,www.gov.za,8,146.97.35.194,5.57
2024-05-01_17.txt,www.gov.za,9,62.115.175.106,5.68
2024-05-01_17.txt,www.gov.za,10,62.115.138.168,6.79
2024-05-01_17.txt,www.gov.za,11,62.115.122.181,6.04
2024-05-01_17.txt,www.gov.za,15,168.209.1.200,168.34
2024-05-01_17.txt,www.gov.za,16,168.209.129.138,169.83
2024-05-01_17.txt,www.gov.za,17,168.209.90.7,168.31
2024-05-01_17.txt,www.gov.za,18,168.209.131.135,170.28
2024-05-01_17.txt,www.gov.za,19,197.97.72.54,168.06
2024-05-01_17.txt,www.gov.scot,1,139.222.0.1,1.25
2024-05-01_17.txt,www.gov.scot,3,193.62.92.126,0.76
2024-05-01_17.txt,www.gov.scot,4,10.11.2.2,1.0
2024-05-01_17.txt,www.gov.scot,5,146.97.130.237,5.45
2024-05-01_17.txt,www.gov.scot,6,146.97.35.217,7.15
2024-05-01_17.txt,www.gov.scot,7,146.97.35.182,6.52
2024-05-01_17.txt,www.gov.scot,8,99.82.180.146,6.59
2024-05-01_17.txt,www.gov.scot,12,52.94.35.139,7.73
2024-05-01_17.txt,www.gov.scot,18,143.204.194.2,7.42
2024-05-01_17.txt,www5.usp.br,1,139.222.0.1,2.88
2024-05-01_17.txt,www5.usp.br,2,10.0.0.1,6.44
2024-05-01_17.txt,www5.usp.br,3,193.62.92.126,0.7
2024-05-01_17.txt,www5.usp.br,4,10.11.2.2,0.96
2024-05-01_17.txt,www5.usp.br,5,146.97.130.237,5.48
2024-05-01_17.txt,www5.usp.br,6,146.97.35.217,5.9
2024-05-01_17.txt,www5.usp.br,7,146.97.33.5,6.91
2024-05-01_17.txt,www5.usp.br,8,146.97.33.1,6.95
2024-05-01_17.txt,www5.usp.br,9,62.40.124.197,6.83
2024-05-01_17.txt,www5.usp.br,10,62.40.124.45,93.43
2024-05-01_17.txt,www5.usp.br,11,163.253.1.120,112.43
2024-05-01_17.txt,www5.usp.br,12,163.253.1.135,111.32
2024-05-01_17.txt,www5.usp.br,13,163.253.1.100,111.23
2024-05-01_17.txt,www5.usp.br,14,163.253.2.33,111.52
2024-05-01_17.txt,www5.usp.br,15,198.71.45.189,121.67
2024-05-01_17.txt,www5.usp.br,16,170.39.8.47,225.55
2024-05-01_17.txt,www5.usp.br,17,200.136.16.225,225.53
2024-05-01_17.txt,www5.usp.br,18,143.107.23.33,225.76
2024-05-01_17.txt,www5.usp.br,19,143.107.151.62,226.81
2024-05-01_23.txt,www.fmprc.gov.cn,1,139.222.0.1,1.4
2024-05-01_23.txt,www.fmprc.gov.cn,2,10.0.0.1,6.44
2024-05-01_23.txt,www.fmprc.gov.cn,3,193.62.92.126,0.72
2024-05-01_23.txt,www.fmprc.gov.cn,4,10.11.2.2,0.89
2024-05-01_23.txt,www.fmprc.gov.cn,5,146.97.130.237,5.52
2024-05-01_23.txt,www.fmprc.gov.cn,6,146.97.35.217,5.7
2024-05-01_23.txt,www.fmprc.gov.cn,7,146.97.33.61,5.54
2024-05-01_23.txt,www.fmprc.gov.cn,8,146.97.35.194,5.8
2024-05-01_23.txt,www.fmprc.gov.cn,9,62.115.175.106,5.75
2024-05-01_23.txt,www.fmprc.gov.cn,10,62.115.138.168,7.15
2024-05-01_23.txt,www.fmprc.gov.cn,11,62.115.122.189,6.08
2024-05-01_23.txt,www.fmprc.gov.cn,12,62.115.161.119,6.4
2024-05-01_23.txt,www.gov.za,1,139.222.0.1,1.53
2024-05-01_23.txt,www.gov.za,2,10.0.0.1,6.81
2024-05-01_23.txt,www.gov.za,3,193.62.92.126,0.89
2024-05-01_23.txt,www.gov.za,4,10.11.2.2,0.94
2024-05-01_23.txt,www.gov.za,5,146.97.130.237,5.58
2024-05-01_23.txt,www.gov.za,6,146.97.35.217,5.82
2024-05-01_23.txt,www.gov.za,7,146.97.33.61,5.56
2024-05-01_23.txt,www.gov.za,8,146.97.35.194,5.62
2024-05-01_23.txt,www.gov.za,9,62.115.175.106,5.51
2024-05-01_23.txt,www.gov.za,10,62.115.136.140,6.13
2024-05-01_23.txt,www.gov.za,11,62.115.122.181,6.15
2024-05-01_23.txt,www.gov.za,15,168.209.1.201,168.33
2024-05-01_23.txt,www.gov.za,16,168.209.129.136,168.11
2024-05-01_23.txt,www.gov.za,17,168.209.90.7,172.67
2024-05-01_23.txt,www.gov.za,18,168.209.131.143,172.28
2024-05-01_23.txt,www.gov.za,19,197.97.72.54,168.09
2024-05-01_23.txt,www.gov.scot,1,139.222.0.1,4.95
2024-05-01_23.txt,www.gov.scot,2,10.0.0.1,8.27
2024-05-01_23.txt,www.gov.scot,3,193.62.92.126,1.18
2024-05-01_23.txt,www.gov.scot,4,10.11.2.2,1.03
2024-05-01_23.txt,www.gov.scot,5,146.97.130.237,5.58
2024-05-01_23.txt,www.gov.scot,6,146.97.35.217,8.79
2024-05-01_23.txt,www.gov.scot,7,146.97.35.182,6.86
2024-05-01_23.txt,www.gov.scot,8,99.82.180.146,7.14
2024-05-01_23.txt,www.gov.scot,10,178.236.3.5,7.34
2024-05-01_23.txt,www.gov.scot,12,52.94.35.139,8.45
2024-05-01_23.txt,www.gov.scot,18,143.204.194.99,7.33
2024-05-01_23.txt,www5.usp.br,1,139.222.0.1,2.8
2024-05-01_23.txt,www5.usp.br,2,10.0.0.1,5.24
2024-05-01_23.txt,www5.usp.br,3,193.62.92.126,2.47
2024-05-01_23.txt,www5.usp.br,4,10.11.2.2,2.98
2024-05-01_23.txt,www5.usp.br,5,146.97.130.237,33.48
2024-05-01_23.txt,www5.usp.br,6,146.97.35.217,7.86
2024-05-01_23.txt,www5.usp.br,7,146.97.33.5,8.29
2024-05-01_23.txt,www5.usp.br,8,146.97.33.1,6.77
2024-05-01_23.txt,www5.usp.br,9,62.40.124.197,6.55
2024-05-01_23.txt,www5.usp.br,10,62.40.124.45,91.49
2024-05-01_23.txt,www5.usp.br,11,163.253.1.120,110.87
2024-05-01_23.txt,www5.usp.br,12,163.253.1.135,111.77
2024-05-01_23.txt,www5.usp.br,13,163.253.1.104,110.84
2024-05-01_23.txt,www5.usp.br,14,163.253.2.33,112.57
2024-05-01_23.txt,www5.usp.br,15,198.71.45.189,122.91
2024-05-01_23.txt,www5.usp.br,16,170.39.8.47,225.44
2024-05-01_23.txt,www5.usp.br,17,200.136.16.225,225.16
2024-05-01_23.txt,www5.usp.br,18,143.107.23.33,225.62
2024-05-01_23.txt,www5.usp.br,19,143.107.151.62,226.53
